-- phpMyAdmin SQL Dump
-- version 4.7.7
-- https://www.phpmyadmin.net/
--
-- Host: localhost
-- Generation Time: Jun 10, 2018 at 07:07 PM
-- Server version: 5.7.21-20-beget-5.7.21-20-1-log
-- PHP Version: 5.6.30

SET SQL_MODE = "NO_AUTO_VALUE_ON_ZERO";
SET AUTOCOMMIT = 0;
START TRANSACTION;
SET time_zone = "+00:00";


/*!40101 SET @OLD_CHARACTER_SET_CLIENT=@@CHARACTER_SET_CLIENT */;
/*!40101 SET @OLD_CHARACTER_SET_RESULTS=@@CHARACTER_SET_RESULTS */;
/*!40101 SET @OLD_COLLATION_CONNECTION=@@COLLATION_CONNECTION */;
/*!40101 SET NAMES utf8mb4 */;

--
-- Database: `wen89_course`
--

-- --------------------------------------------------------

--
-- Table structure for table `couleur`
--
-- Creation: Jun 06, 2018 at 08:58 AM
-- Last update: Jun 06, 2018 at 08:58 AM
--

DROP TABLE IF EXISTS `couleur`;
CREATE TABLE `couleur` (
  `id` int(11) NOT NULL,
  `nom` varchar(50) COLLATE utf8_unicode_ci NOT NULL,
  `code_hexa` varchar(7) COLLATE utf8_unicode_ci NOT NULL
) ENGINE=InnoDB DEFAULT CHARSET=utf8 COLLATE=utf8_unicode_ci;

--
-- Dumping data for table `couleur`
--

INSERT INTO `couleur` (`id`, `nom`, `code_hexa`) VALUES
(1, 'jaune', '#F7E552'),
(2, 'orange', '#EBA844'),
(3, 'rouge', '#C02828'),
(4, 'rose', '#E19EA5'),
(5, 'violet', '#8135F4'),
(6, 'bleu', '#5791DC'),
(7, 'vert', '#439538'),
(8, 'marron', '#845932'),
(9, 'noir', '#000000'),
(10, 'blanc', '#FFFFFF'),
(11, 'gris', '#9A9A9A');

-- --------------------------------------------------------

--
-- Table structure for table `disponibilite`
--
-- Creation: Jun 06, 2018 at 08:58 AM
--

DROP TABLE IF EXISTS `disponibilite`;
CREATE TABLE `disponibilite` (
  `id` int(11) NOT NULL,
  `velo_id` int(11) NOT NULL,
  `debut` date NOT NULL,
  `fin` date NOT NULL
) ENGINE=InnoDB DEFAULT CHARSET=utf8 COLLATE=utf8_unicode_ci;

-- --------------------------------------------------------

--
-- Table structure for table `equipement`
--
-- Creation: Jun 06, 2018 at 08:58 AM
-- Last update: Jun 06, 2018 at 08:58 AM
--

DROP TABLE IF EXISTS `equipement`;
CREATE TABLE `equipement` (
  `id` int(11) NOT NULL,
  `equipement` varchar(255) COLLATE utf8_unicode_ci NOT NULL
) ENGINE=InnoDB DEFAULT CHARSET=utf8 COLLATE=utf8_unicode_ci;

--
-- Dumping data for table `equipement`
--

INSERT INTO `equipement` (`id`, `equipement`) VALUES
(1, 'éclairage avant'),
(2, 'éclairage arrière'),
(3, 'garde-boue avant'),
(4, 'garde-boue arrière'),
(5, 'gourde'),
(6, 'housse de protection'),
(7, 'panier'),
(8, 'pompe à main'),
(9, 'porte-bagage'),
(10, 'rétroviseur de vélo'),
(11, 'sacoche'),
(12, 'siège bébé'),
(13, 'sonnette'),
(14, 'stabilisateurs pour vélo enfant');

-- --------------------------------------------------------

--
-- Table structure for table `etat_velo`
--
-- Creation: Jun 06, 2018 at 08:58 AM
-- Last update: Jun 06, 2018 at 08:58 AM
--

DROP TABLE IF EXISTS `etat_velo`;
CREATE TABLE `etat_velo` (
  `id` int(11) NOT NULL,
  `etat` varchar(20) COLLATE utf8_unicode_ci NOT NULL,
  `coeff` double NOT NULL
) ENGINE=InnoDB DEFAULT CHARSET=utf8 COLLATE=utf8_unicode_ci;

--
-- Dumping data for table `etat_velo`
--

INSERT INTO `etat_velo` (`id`, `etat`, `coeff`) VALUES
(1, 'neuf', 1),
(2, 'excellent', 0.9),
(3, 'bon', 0.7),
(4, 'moyen', 0.5),
(5, 'à réviser', 0.2);

-- --------------------------------------------------------

--
-- Table structure for table `genre`
--
-- Creation: Jun 06, 2018 at 08:58 AM
-- Last update: Jun 06, 2018 at 08:58 AM
--

DROP TABLE IF EXISTS `genre`;
CREATE TABLE `genre` (
  `id` int(11) NOT NULL,
  `genre` varchar(50) COLLATE utf8_unicode_ci NOT NULL
) ENGINE=InnoDB DEFAULT CHARSET=utf8 COLLATE=utf8_unicode_ci;

--
-- Dumping data for table `genre`
--

INSERT INTO `genre` (`id`, `genre`) VALUES
(1, 'Homme'),
(2, 'Femme'),
(3, 'Autre');

-- --------------------------------------------------------

--
-- Table structure for table `loc_tel`
--
-- Creation: Jun 06, 2018 at 08:58 AM
-- Last update: Jun 06, 2018 at 08:58 AM
--

DROP TABLE IF EXISTS `loc_tel`;
CREATE TABLE `loc_tel` (
  `id` int(11) NOT NULL,
  `pays_id` int(11) NOT NULL,
  `indice` varchar(10) COLLATE utf8_unicode_ci NOT NULL
) ENGINE=InnoDB DEFAULT CHARSET=utf8 COLLATE=utf8_unicode_ci;

--
-- Dumping data for table `loc_tel`
--

INSERT INTO `loc_tel` (`id`, `pays_id`, `indice`) VALUES
(1, 75, '+33'),
(2, 210, '+41'),
(3, 84, '+49'),
(4, 109, '+39'),
(5, 128, '+352'),
(6, 18, '+32'),
(7, 203, '+34');

-- --------------------------------------------------------

--
-- Table structure for table `membre`
--
-- Creation: Jun 06, 2018 at 08:58 AM
-- Last update: Jun 06, 2018 at 08:58 AM
--

DROP TABLE IF EXISTS `membre`;
CREATE TABLE `membre` (
  `id` int(11) NOT NULL,
  `id_mangopay` int(11) DEFAULT NULL,
  `id_wallet` int(11) DEFAULT NULL,
  `id_facebook` varchar(255) COLLATE utf8_unicode_ci DEFAULT NULL,
  `prenom` varchar(45) COLLATE utf8_unicode_ci NOT NULL,
  `nom` varchar(70) COLLATE utf8_unicode_ci NOT NULL,
  `password` varchar(255) COLLATE utf8_unicode_ci DEFAULT NULL,
  `email` varchar(255) COLLATE utf8_unicode_ci NOT NULL,
  `avatar_image` varchar(255) COLLATE utf8_unicode_ci DEFAULT NULL,
  `date_inscription` date NOT NULL,
  `nb_velo_emprunte` int(11) NOT NULL,
  `nb_velo_prete` int(11) NOT NULL,
  `ville` varchar(255) COLLATE utf8_unicode_ci NOT NULL,
  `code_postal` int(11) NOT NULL,
  `tel` int(11) NOT NULL,
  `tel_public` tinyint(1) NOT NULL,
  `date_naissance` date NOT NULL,
  `membre_verifie` tinyint(1) NOT NULL DEFAULT '0',
  `key_mdp` varchar(255) COLLATE utf8_unicode_ci NOT NULL,
  `points` int(11) NOT NULL DEFAULT '0',
  `indic_tel_id` int(11) NOT NULL,
  `genre_id` int(11) NOT NULL,
  `pays_id` int(11) NOT NULL
) ENGINE=InnoDB DEFAULT CHARSET=utf8 COLLATE=utf8_unicode_ci;

--
-- Dumping data for table `membre`
--

INSERT INTO `membre` (`id`, `id_mangopay`, `id_wallet`, `id_facebook`, `prenom`, `nom`, `password`, `email`, `avatar_image`, `date_inscription`, `nb_velo_emprunte`, `nb_velo_prete`, `ville`, `code_postal`, `tel`, `tel_public`, `date_naissance`, `membre_verifie`, `key_mdp`, `points`, `indic_tel_id`, `genre_id`, `pays_id`) VALUES
(1, 62590778, 62590779, NULL, 'Bikerr', 'Infos', '733beb2645b287939127b2c633abf2e888033a1e', 'infos@bikerr.fr', NULL, '2016-07-17', 0, 0, 'Strasbourg', 67000, 650431505, 0, '2010-10-27', 0, '96', 0, 1, 1, 75),
(5, 62591812, 62591813, NULL, 'Fabrice', 'Vincent', '92c939a689cd572be399ed151ad6e09e5bb2a095', 'vincentfabrice@mac.com', '5Corse 2.jpg', '2016-07-17', 0, 0, 'Strasbourg', 67100, 650431505, 1, '1971-10-10', 0, '80d2aec5a379ca8f296324b171590431b6522e79', 0, 1, 1, 75),
(6, 62606598, 62606599, NULL, 'Gilles', 'Henry', '7110eda4d09e062aa5e4a390b0a572ac0d2c0220', 'gilleshenry2@gmail.com', NULL, '2016-07-17', 0, 0, 'Strasbourg', 67000, 650431505, 0, '1980-01-01', 0, 'f1f2a6acae6acce8181623d6a3a11f2540068f8d', 0, 1, 1, 75),
(15, 62657393, 62657394, '1109637169093159', 'Tanguy', 'ACKER', 'd80cbbafa610c627ad10aed82f6d469b1d55aa1a', 'tanguy.acker@gmail.com', NULL, '2016-07-18', 0, 0, 'HOENHEIM', 67800, 762147137, 0, '1996-07-01', 0, '1ff5e8256d0646712ca514afdb57dcb0ade4edd2', 0, 1, 1, 75),
(16, 62707786, 62707787, NULL, 'jacky', 'jacky Strub', 'b0f1bfb2127a5dc17050984e3d54540613d0fec7', 'strub.jacky@free.fr', NULL, '2016-07-18', 0, 0, 'Montpellier', 34070, 782535719, 0, '1973-09-08', 0, 'a6cb165ddd059c8f108492a498dc383e80f2846d', 0, 1, 1, 75),
(17, 62715403, 62715404, NULL, 'Marion', 'C', '5119268325abb28049b37d07e9e7128674f10c30', 'marion.coupin@gmail.com', NULL, '2016-07-18', 0, 0, 'Strasbourg', 67000, 0, 1, '1996-10-31', 0, '7e2db64f90a797d95a2ab2a33deb6ab4ecd04683', 0, 1, 2, 75),
(18, 62719213, 62719214, NULL, 'Carine', 'Sireyjol', '0f959ef8fbfe2ec8357ad1055a70e90045cd4571', 'carine.sireyjol@gmail.com', NULL, '2016-07-18', 0, 0, 'Bordeaux', 33000, 668820008, 0, '1984-06-20', 0, '73a3463f51b290f162bbd9caad0dddda53bbabb7', 0, 1, 2, 75),
(19, 62721673, 62721674, NULL, 'Benjamin ', 'Duband ', 'b09606d985a19d963f4b5c56d6a2b97cfc10e630', 'benjamin.duband@gmail.com', NULL, '2016-07-18', 0, 0, 'Strasbourg', 67000, 0, 1, '1981-04-21', 0, 'ab690b2c79429f941dcc42f7684313b5d4970d4a', 0, 1, 1, 75),
(20, 62722847, 62722848, NULL, 'Maxime', 'Delbois Renaude', '4700757922bb143f157a9e6541dae5838cde970b', 'maximedelbois@gmail.com', NULL, '2016-07-18', 0, 0, 'Strasbourg', 67000, 0, 1, '1986-11-29', 0, 'dd80c1c671fbbb36bc5903b69712c112967bb88a', 0, 1, 1, 75),
(21, 62728169, 62728170, NULL, 'Nicolas', 'Bonvin', '75dc86a5f439e30a0fd9dcc0c8243e2bc6dcedd9', 'bonvin.nicolas@gmail.com', NULL, '2016-07-18', 0, 0, 'Strasbourg', 67000, 0, 1, '1983-09-23', 0, 'e0045405f0d14650908f6cbb932afd35115037e0', 0, 1, 1, 75),
(22, 62731364, 62731367, NULL, 'Ludovic', 'Pardonnet', '64e424263f75a6813399e794d801b574fcc1bd99', 'lagfeur@hotmail.com', NULL, '2016-07-18', 0, 0, 'La grande motte', 34280, 62356859, 0, '1976-01-23', 0, '85fa2ca29d1a73ac100858c365557138d7648f5d', 0, 1, 1, 75),
(23, 62733391, 62733392, NULL, 'Jonathan ', 'REBOURT', '4e77e42c7dca14417423362921899dad5c45db88', 'rebour.j@gmail.com', NULL, '2016-07-18', 0, 0, 'Strasbourg', 67000, 0, 1, '1996-02-28', 0, '39cc7dedbd7471162e557ffa5f5bba3608754c78', 0, 1, 1, 75),
(24, 62744327, 62744328, NULL, 'Timothee', 'Fermeaux ', 'd2ec55b929aa17eeb02f50380e6709495ad7bd64', 'timothee.fermeaux@epitech.eu', NULL, '2016-07-18', 0, 0, 'Strasbourg', 67000, 0, 1, '1996-12-30', 0, '8592694a2b5470dc77510fa7834360bee69e86fe', 0, 1, 1, 75),
(25, 62747303, 62747309, NULL, 'Elisabete', 'Fernandes', '78b0835ee5ce3bb9c6dc67a884807a639a5964cc', 'me@elisabete-fernandes.com', NULL, '2016-07-18', 0, 0, 'Strasbourg', 67000, 0, 1, '1990-03-27', 0, '4254dacb40b5be1695ba474aa08babeba466fd76', 0, 1, 2, 75),
(26, 62759976, 62759977, NULL, 'Joan', 'LeBoGoss', '9423fa4b14df113baf054db0ade995be042ad5d4', 'joanbogoss@yopmaill.com', NULL, '2016-07-18', 0, 0, 'Strasbourg', 67000, 0, 1, '1996-08-19', 0, '4d7b7539af3f743a6cb27acd7dcdc19b04b53b27', 0, 1, 1, 75),
(27, 62761987, 62761989, NULL, 'Cécile', 'Masson', '2672058a7d5b5bfe6f2197886f5779b9e7e6bc89', 'masson.c93@gmail.com', NULL, '2016-07-18', 0, 0, 'Strasbourg', 67000, 0, 1, '1993-12-12', 0, '6824374987a2eab584955c88a0da4372d7a74a9e', 0, 1, 2, 75),
(28, 62763876, 62763877, NULL, 'Clement', 'Julien', 'bb407238a00246819b98054fc6a234719bbf7cb6', 'theclem558@gmail.com', NULL, '2016-07-18', 0, 0, 'Strasbourg', 67000, 0, 1, '1975-08-09', 0, '9f7f639595634e5ccf698a144cae0576c73ddc87', 0, 1, 1, 75),
(29, 62765481, 62765482, '1355423147804965', 'Joan', 'Saum', 'f539a227e5323072293b6cb8cbe0e845620d578b', 'joan_saum@hotmail.fr', NULL, '2016-07-18', 0, 0, 'Behlenheim', 67370, 628258103, 0, '1996-07-11', 0, 'd8d870fef07906495b43d868e3649d4e230086f6', 0, 1, 1, 75),
(30, 0, 0, '1053440748066798', 'Célia', 'Osswald', NULL, 'celia.osswald@gmail.com', NULL, '2016-07-18', 0, 0, 'Strasbourg', 67000, 0, 1, '1970-01-01', 0, '53a890eadcef8dc3f6572a799d9ae4d7bf4cc7a8', 0, 1, 2, 75),
(31, 62815605, 62815606, NULL, 'Mathias', 'Bragagia', '7e1833a3f7619b24376fe442f5685bb9af511d0c', 'mathias.bragagia@gmail.com', NULL, '2016-07-18', 0, 0, 'Strasbourg', 67000, 0, 1, '1996-08-09', 0, '8a4b2606032055f4e45436e05fd9002388e7e414', 0, 1, 1, 75),
(32, 0, 0, '1616747385035639', 'Alex', 'Olé Olé', NULL, 'undefined', NULL, '2016-07-18', 0, 0, 'Strasbourg', 67000, 0, 1, '1970-01-01', 0, '5177289c9ed199a5ec87b4bf9c455bc23b4f169c', 0, 1, 1, 75),
(33, 62883272, 62883275, NULL, 'Fabrice', 'Naert', '7489fc2b0258bdf29643044bb3691bcc361454ef', 'fabnaert@hotmail.com', NULL, '2016-07-19', 0, 0, 'Strasbourg', 67000, 0, 1, '1980-01-27', 0, '155dfae2ba9ce5e1b15dfcf8615cb0dd8a90adb9', 0, 1, 1, 75),
(34, 0, 0, '10201913035865760', 'Siham', 'Idam', NULL, 'siham.idam@live.fr', NULL, '2016-07-22', 0, 0, 'Strasbourg', 67000, 0, 1, '1970-01-01', 0, '60416769b9e4e6a63c8b846ffe8475b7123313d3', 0, 1, 2, 75),
(35, 63677957, 63677958, NULL, 'Al', 'Ass', 'fa581fff2505335ca63aae234711401bf030a742', 'achat1313@gmail.com', NULL, '2016-07-23', 0, 0, 'Strasbourg', 67000, 0, 1, '1977-01-01', 0, 'c5f67e230b61ab9771f446ce29b093c70f55b24f', 0, 1, 1, 75),
(36, 63742968, 63742969, NULL, 'Lionel', 'Gattegno', '5befb0748e190886505727a102475cc24fbaa116', 'lionel@liilo.com', NULL, '2016-07-24', 0, 0, 'Osny', 95520, 637044368, 0, '1985-03-02', 0, '0735d0f5a2300080aee51273d3a549d28ef64be2', 0, 1, 1, 75),
(37, 65331672, 65331673, '282225642145104', 'Jean', 'Girard-Garcia', 'da39a3ee5e6b4b0d3255bfef95601890afd80709', 'jean@bikeens.com', NULL, '2016-07-25', 0, 0, 'Montpellier', 34000, 68984756, 0, '2014-03-08', 0, 'd384a49e849f632682c53d9940a63ada08e80101', 0, 1, 1, 75),
(38, 0, 0, '1634107236904705', 'Mija', 'Strasbourg', NULL, 'mija.ben@orange.fr', NULL, '2016-07-27', 0, 0, 'Strasbourg', 67000, 0, 1, '1970-01-01', 0, '8de044614fcd0f06f62c1114ac5f8aca9f3f00b7', 0, 1, 2, 75),
(40, 65561787, 65561788, NULL, 'Catherine', 'Nabokov', 'b75ad373483c0c5601249e6dc17ebdfcc29d6b1d', 'cathnab@gmail.com', NULL, '2016-08-04', 0, 0, 'Strasbourg', 67000, 0, 1, '1963-10-23', 0, '26678601e87405cadaf28930768cfc5cf6b31d75', 0, 1, 2, 75),
(41, 66392812, 66392813, NULL, 'marlène', 'burgod', 'd0dcb98f8f1ead09259f2757f95f0933ce487e34', 'm.burgodderrier@gmail.com', NULL, '2016-08-09', 0, 0, 'Strasbourg', 67000, 0, 1, '1992-10-17', 0, '8f1be5878cc51df85b9c8a9e7fad8af2a95fd428', 0, 1, 2, 75),
(42, 0, 0, '10208851960588603', 'Elvis', 'Aurel', NULL, 'alavis2001@yahoo.fr', NULL, '2016-08-10', 0, 0, 'Strasbourg', 67000, 0, 1, '1970-01-01', 0, '5f9e2f7b1194158481744fda9f0baecdc0248066', 0, 1, 1, 75),
(43, 66769184, 66769187, NULL, 'Julien', 'Fechter', 'ff4d7e2f91e65c1019792431844dca978979446c', 'julienfechter67770@gmail.com', '43image.jpg', '2016-08-11', 0, 0, 'Bischwiller', 67240, 77105663, 0, '1989-02-04', 0, 'c5074251e397f154b2aa806564c8ee94f25a7896', 0, 1, 1, 75),
(44, 66974124, 66974125, NULL, 'Aymeric', 'Pahlavi', '5ad547beb805bbddfed04fb693fc2d99e6df87af', 'aymeric.pahlavi@gmail.com', NULL, '2016-08-12', 0, 0, 'Strasbourg', 67000, 0, 1, '1986-07-26', 0, '7e9940ac1d11cc78e7ef08db071ead977170a67c', 0, 1, 1, 75),
(45, 68057132, 68057133, NULL, 'Nicolas', 'HAMIDECHI', 'cb43f1cd84ae1e13d08fa3a607d44ae4aea9bd8e', 'bikerr@hamidechi.com', NULL, '2016-08-20', 0, 0, 'Strasbourg', 67000, 0, 1, '1981-11-25', 0, 'de406b9de6a013c2b0cadf0dac2fdc60c0de7ca6', 0, 1, 1, 75),
(46, 0, 0, '10207283781712571', 'Wallerand', 'Wagner', NULL, 'wallerand.wagner@hotmail.fr', NULL, '2016-08-21', 0, 0, 'Strasbourg', 67000, 0, 1, '1970-01-01', 0, '9e3cad60359f61a337663500b429d515ceefc26c', 0, 1, 1, 75),
(47, 0, 0, '10208968290978464', 'Clément', 'Schreiner', NULL, 'fb@clemux.info', NULL, '2016-08-22', 0, 0, 'Strasbourg', 67000, 0, 1, '1970-01-01', 0, '5a40d053cf953efce65461a1dee188520b02a176', 0, 1, 1, 75),
(48, 68372736, 68372739, NULL, 'Mathieu ', 'Rochette', '836b6df7cc3b45574c94479078f58569df132e0a', 'mathieu@rochette.cc', NULL, '2016-08-22', 0, 0, 'Strasbourg', 67000, 0, 1, '1985-12-03', 0, '7e573f8a2e1e8391a9023d5f187675ae76b9ca7b', 0, 1, 1, 75),
(49, 0, 0, '10153777193883093', 'Pedja', 'Puselja', NULL, 'pedjaa@gmail.com', NULL, '2016-08-22', 0, 0, 'Strasbourg', 67000, 0, 1, '1970-01-01', 0, 'aa32ee37a14be9c4b80411fe12cbd8722e4ee3db', 0, 1, 1, 75),
(50, 0, 0, '1075934425808292', 'Sam', 'Butdiff', NULL, 'sam@sambutdifferent.com', NULL, '2016-08-22', 0, 0, 'Strasbourg', 67000, 0, 1, '1970-01-01', 0, '5a695bc23b1483fbdd7db370e1b4d78c91836e15', 0, 1, 1, 75),
(51, 0, 0, '10210453537477123', 'Quentin', 'Le Coënt', NULL, 'q.lecoent@gmail.com', NULL, '2016-08-25', 0, 0, 'Strasbourg', 67000, 0, 1, '1970-01-01', 0, 'd2e9e8296d388a086ef38060f1b07d6b48a145a6', 0, 1, 1, 75),
(52, 68958623, 68958626, NULL, 'Julien', 'Reszka', '77fad2d211d44d04639cf377bde023d415fa2f02', 'contact.reszkajulien@gmail.com', NULL, '2016-08-25', 0, 0, 'Strasbourg', 67000, 0, 1, '1994-09-24', 0, '6f4f5b42d85d4af3321b3f032d55aeed03fd0d30', 0, 1, 1, 75),
(53, 68964003, 68964004, '10211864391981885', 'Nico', 'Spielmann', 'e58aeb45371aae80bb882d2d1d0f67c218922f31', 'nicolas.spielmann@gmail.com', NULL, '2016-08-25', 0, 0, 'Strasbourg', 67000, 0, 1, '1993-05-11', 0, 'bcca9d020536f3c9191ae3d33d1687d676ed7a8c', 0, 1, 1, 75),
(54, 68973581, 68973582, NULL, 'Sansebass ', 'Biker ', '39dfa55283318d31afe5a3ff4a0e3253e2045e43', 'seb_dieselplus@hotmail.fr', NULL, '2016-08-25', 0, 0, 'Strasbourg', 67000, 0, 1, '1989-08-17', 0, '5ec6696c615f25f0e2e18c71f907ed3130222691', 0, 1, 1, 75),
(55, 0, 0, '10202308579071967', 'Antoine', 'Mineau', NULL, 'rick046@hotmail.fr', NULL, '2016-08-25', 0, 0, 'Strasbourg', 67000, 0, 1, '1970-01-01', 0, 'b3c235e4373e22aaafff291bd1025bf22441b230', 0, 1, 1, 75),
(56, 0, 0, '1189904484364326', 'Quentin', 'Smr', NULL, 'sommerquentin67@gmail.com', NULL, '2016-08-25', 0, 0, 'Strasbourg', 67000, 0, 1, '1970-01-01', 0, '1446cab8d9843e2b1ffb444bb3be5af91e4cc4d8', 0, 1, 1, 75),
(57, 69025147, 69025150, NULL, 'Charles', 'CADET', '1e859a58f69561acaa8f10aaf817474a628b17f6', 'charles.cadet1@gmail.com', NULL, '2016-08-25', 0, 0, 'Strasbourg', 67000, 0, 1, '1993-03-22', 0, '7e7adf27abad617179b7737dc2f39bc10f3cd565', 0, 1, 1, 75),
(58, 0, 0, '669351976547751', 'Gaetan', 'Filez', NULL, 'rqwk@live.fr', NULL, '2016-08-25', 0, 0, 'Strasbourg', 67000, 0, 1, '1970-01-01', 0, '3804466069ca4a1a6d8dcbaa8c0c26da9dfe247d', 0, 1, 1, 75),
(59, 0, 0, '1085674981523160', 'Rafael', 'Achega', NULL, 'raf_toss_75@hotmail.fr', NULL, '2016-08-26', 0, 0, 'Strasbourg', 67000, 0, 1, '1970-01-01', 0, 'a591f8b85dc5effd71c09ba4425b0f423c2cb8fe', 0, 1, 1, 75),
(60, 69150587, 69150588, NULL, 'Brian', 'Wagiman', 'acd135b4be8861d311e417e019d420b0157efa82', 'brian.wagiman@hotmail.fr', NULL, '2016-08-26', 0, 0, 'Strasbourg', 67000, 0, 1, '1991-01-21', 0, '21a95184296aecddde15df679c0696e2e3a2c93e', 0, 1, 1, 75),
(61, 69153851, 69153852, NULL, 'Megane', 'Morel', 'a137fe36fcab82832177cde1639e72b2152997bf', 'meganita.morel@gmail.com', NULL, '2016-08-26', 0, 0, 'Strasbourg', 67000, 0, 1, '1992-11-17', 0, '1782860a20c04607aba7a7f1d09583c19f1ccf5d', 0, 1, 2, 75),
(62, 69160043, 69160044, NULL, 'Marc', 'Gonon', 'dd5c08906b9eafc7ec99db8ec9d5dd59b41bfcf1', 'marc.gonon@gmail.com', NULL, '2016-08-26', 0, 0, 'Strasbourg', 67000, 0, 1, '1963-09-18', 0, 'bf5e8c7fac7bdab9042c16317181a3bb14ddcde2', 0, 1, 1, 75),
(63, 0, 0, '1221308631233924', 'Chloé', 'Fiard', NULL, 'cloetval@hotmail.fr', NULL, '2016-08-26', 0, 0, 'Strasbourg', 67000, 0, 1, '1970-01-01', 0, '23110263db2b72df68086d90a383a468add9dce6', 0, 1, 2, 75),
(64, 69165962, 69165963, NULL, 'Antinéa', 'Garnier', '2c70e11670e5d6a2702914bf5e1d853583c195e0', 'antinea.garnier@hotmail.fr', NULL, '2016-08-26', 0, 0, 'Strasbourg', 67000, 0, 1, '1994-04-10', 0, 'ad3f739c355c84dd9f9747d937865f493ff9df1b', 0, 1, 2, 75),
(65, 69166603, 69166604, NULL, 'Laura', 'Hohler', 'de7fc1dcdfdc18023c5143671b14d0060d7b74cc', 'hlr.laura2@gmail.com', NULL, '2016-08-26', 0, 0, 'Strasbourg', 67000, 0, 1, '1996-07-01', 0, '054879afb956490b55df1e08e38f3c5801e26588', 0, 1, 2, 75),
(66, 69168513, 69168514, NULL, 'Sébastien', 'Torro-Tokodi', '660dca6b4fd504292644cf4b63bc1e9ece009fd0', 'torrotokodis@gmail.com', NULL, '2016-08-26', 0, 0, 'Strasbourg', 67000, 0, 1, '1978-08-26', 0, '90f6a4c1917d41a41d4cad53e3e1272724d73832', 0, 1, 1, 75),
(67, 69170198, 69170199, NULL, 'Ipek', 'Erker', 'e5924bfede97fbd8426bc1ab8857aff95077d988', 'ipekmiora@gmail.com', NULL, '2016-08-26', 0, 0, 'Strasbourg', 67000, 0, 1, '1994-01-30', 0, 'd0045426f2c2d54ba950031663fb4d8369dd09b7', 0, 1, 2, 75),
(68, 0, 0, '1811734059042250', 'Laura', 'Guillaume', NULL, 'laura302.guillaume@gmail.com', NULL, '2016-08-26', 0, 0, 'Strasbourg', 67000, 0, 1, '1970-01-01', 0, '8534d89a80c27360fd34b48f062dddd44a8352ad', 0, 1, 2, 75),
(69, 69179280, 69179281, NULL, 'Laura', 'Guillaume', '579a2b6c9cc64e94d0cbd5c9eddd0fbdca576b93', 'laura302@wanadoo.fr', NULL, '2016-08-26', 0, 0, 'Strasbourg', 67000, 0, 1, '1995-11-22', 0, '5def106bd31cec981d4dcf0f8fe8ef2fdfb7a5d4', 0, 1, 2, 75),
(70, 69198387, 69198391, NULL, 'Gerta', 'MUHARREMAJ', '3db92905209bd0ce8445e1ff1a73735da4738c51', 'gerta.muar@gmail.com', NULL, '2016-08-26', 0, 0, 'Strasbourg', 67000, 0, 1, '1996-03-03', 0, '260bcdd447b0163b484a70a360331b915633cf79', 0, 1, 2, 75),
(71, 69212219, 69212220, NULL, 'Berengere', 'Poirel', '0f9f01138f403e18f9fb6f560ee458e61a9313f0', 'beren88100@hotmail.fr', NULL, '2016-08-26', 0, 0, 'Strasbourg', 67000, 0, 1, '1995-03-19', 0, 'd113f51fba296b5abf996603bcc94e3fb10a0cef', 0, 1, 2, 75),
(72, 69214612, 69214613, NULL, 'Anne-Sophie', 'Rousset', '364e5bee3a24b8bd9e23724c0e3b628b739bfae9', 'roussetannesophie@gmail.com', NULL, '2016-08-26', 0, 0, 'Strasbourg', 67000, 0, 1, '1995-07-02', 0, 'a5f763a1e518bd7f7d9c2ade1748192b417d7975', 0, 1, 2, 75),
(73, 69254556, 69254558, NULL, 'Paul', 'Calou', 'd0a8ca5a5b6eaca45dde701d9cdf92ae0b69f095', 'paul.calou@gmail.com', NULL, '2016-08-26', 0, 0, 'Strasbourg', 67000, 0, 1, '1989-04-23', 0, 'b3e0d4131fdcb33cf9aa62fa4f30aa1372f8996d', 0, 1, 1, 75),
(74, 69344999, 69345000, NULL, 'sarah', 'Kreitz', '352a2e3dba60e8a513e8c56f706f05202ec77a47', 'alamemoirederose@gmail.com', NULL, '2016-08-27', 0, 0, 'Strasbourg', 67000, 0, 1, '1993-09-27', 0, '608dc6eaa5ccaa066b140102d13b0d079ef548a9', 0, 1, 2, 75),
(75, 69390907, 69390910, NULL, 'Jean', 'UNEGA ALIBER', 'de0fa6c60ee8a7d9277aab98b306c48061e1714a', 'cunega@gmail.com', NULL, '2016-08-27', 0, 0, 'Strasbourg', 67000, 0, 1, '1996-03-11', 0, '1e720228413747843fb9c603dea7a3e4fe0c5ca0', 0, 1, 1, 75),
(76, 69494582, 69494583, NULL, 'Lorraine', 'Mollimard', 'ae3a2ec81e7dc404114e8362f4a7b1e9276263a3', 'lorraine.mollimard@gmail.com', NULL, '2016-08-27', 0, 0, 'Strasbourg', 67000, 0, 1, '1994-12-12', 0, 'db8ba3ba6fdeab25488a91ea69215b8779db8922', 0, 1, 2, 75),
(77, 69532746, 69532747, NULL, 'Mathilde', 'HOERTER', '8b519cdd5d00335771091bb222c1e63a6ab293fe', 'mathilde.hoerter@hotmail.fr', NULL, '2016-08-28', 0, 0, 'Strasbourg', 67000, 0, 1, '1997-04-19', 0, '0fb8534d7d44493028108b2846ac61f8c19a5d42', 0, 1, 2, 75),
(78, 69537438, 69537439, NULL, 'Sandra', 'Fikri', 'd5a81a627615cb3d6e3641c7e72f916b308c6fcf', 'Ghislaine.fikri@gmail.com', NULL, '2016-08-28', 0, 0, 'Strasbourg', 67000, 0, 1, '1993-06-16', 0, '2c997165e0c904cee98e9ede1ef034d73ea89920', 0, 1, 2, 75),
(79, 69547034, 69547037, NULL, 'yog', 'gui', '1959157f15c5d760b192ff68dc433632d5b37d40', 'yogui2706@hotmail.fr', NULL, '2016-08-28', 0, 0, 'Strasbourg', 67000, 0, 1, '1984-10-26', 0, '64a887f48e0d1a8bf6fb66e47457732f06f061bf', 0, 1, 1, 75),
(80, 69592384, 69592385, NULL, 'gwendal', 'rousic ', '974bc0c06d2ad59a7d85ddd20a275d04e18dfca5', 'gwendalrousic@gmail.com', '80tmp_17268-20160828_183048-401074708.jpg', '2016-08-28', 0, 0, 'Montreuil', 93100, 675228367, 0, '1969-09-24', 0, '6775ff9558fe65f5c655bd5429a82772c4d428f2', 0, 1, 1, 75),
(81, 0, 0, '10210642700922862', 'Clément', 'Maignant', NULL, 'clementmaignant@gmail.com', NULL, '2016-08-28', 0, 0, 'Strasbourg', 67000, 0, 1, '1970-01-01', 0, 'fce1d2a346ef5dfd0e5685e10402e67bb6818ebc', 0, 1, 1, 75),
(82, 69739626, 69739629, NULL, 'Pierre', 'Huntzinger', '0dc4a88abe0370730c24cbb40b89c07da64b97f9', 'huntzinger.pierre@gmail.com', NULL, '2016-08-29', 0, 0, 'Strasbourg', 67000, 0, 1, '1994-11-29', 0, '842e8529e47c1ddfddbc02d9771e95a1ee749736', 0, 1, 1, 75),
(83, 69748859, 69748860, NULL, 'Martin', 'Evrard', '04edacf81c1d65f7ed583a3aeba626ff5b709165', 'martinevr.collabor@gmail.com', NULL, '2016-08-29', 0, 0, 'Strasbourg', 67000, 0, 1, '1994-01-07', 0, '356189628538cb29048faa09d092a4364718ed61', 0, 1, 1, 75),
(84, 0, 0, '10153624125252493', 'Kevin', 'Giraudeau', NULL, 'giraudeaukevin@gmail.com', NULL, '2016-08-29', 0, 0, 'Strasbourg', 67000, 0, 1, '1970-01-01', 0, '80f0135dd55686fb353d1e36f2eac4813ba605a0', 0, 1, 1, 75),
(85, 69893942, 69893943, NULL, 'Emmanuel', 'Zarpas', 'e3660a9931354b85b30752e67f2e4181079ee368', 'emmanuel.zarpas@gmail.com', NULL, '2016-08-30', 0, 0, 'Strasbourg', 67000, 0, 1, '1969-06-10', 0, '9f100a159bd7998f0e27de1bb5fa38c359c54f7e', 0, 1, 1, 75),
(86, 70465808, 70465809, NULL, 'tatiana', 'winter', '1f86e515aa560dfb8b75ed7daaf63f52e97b8678', 'tatiana.winter@gmail.com', NULL, '2016-09-01', 0, 0, 'Strasbourg', 67000, 0, 1, '1976-05-24', 0, 'de9878be64878ecebc538e21a604f331dab681b6', 0, 1, 2, 75),
(87, 70505121, 70505122, NULL, 'Philippe', 'Carlier', '1133990592d5f5df1870aca8e94d83ada91b8d77', 'philippecarlier@gmail.com', NULL, '2016-09-01', 0, 0, 'Strasbourg', 67000, 0, 1, '1989-07-04', 0, 'cd8d2f445788a6a6ddcf5fe75086c911a2c65516', 0, 1, 1, 75),
(88, 70782145, 70782146, NULL, 'Elodie', 'Martin', 'e9e1c9be5858b366204b88060150b95c0aee626b', 'xelodiex33@gmail.fr', NULL, '2016-09-02', 0, 0, 'Strasbourg', 67000, 0, 1, '1998-07-24', 0, '44167a4df788d0c93a6365c1deaf282b03173631', 0, 1, 2, 75),
(89, 0, 0, '10209226446832054', 'Romain', 'Sleek', '1113c9fb4ef54493b4f69237ab7850a71de3dda8', 'romain.lucido@gmail.com', NULL, '2016-09-06', 0, 0, 'Strasbourg', 67000, 0, 1, '1970-01-01', 0, '79936642913ba290b84dd2162de31ab3e7c309c7', 0, 1, 1, 75),
(90, 71746579, 71746580, NULL, 'Julie', 'Vivien', '3f2a45a6d7bf4b4f33b73a986d8f75d1d38409f0', 'jv@creageneve.com', NULL, '2016-09-06', 0, 0, 'Strasbourg', 67000, 0, 1, '1986-04-27', 0, '90270896ee12b44f663338c2d9a6d39f8886d706', 0, 1, 2, 75),
(91, 71751688, 71751689, NULL, 'Alexandra', 'Prado', '67320c9e899380b3964e35ae9062090294971b1b', 'alex_2883_7@hotmail.com', NULL, '2016-09-06', 0, 0, 'Strasbourg', 67000, 0, 1, '1982-03-16', 0, 'b3774602a3c3f6a65c010f3da9f437b92b0afc6b', 0, 1, 2, 75),
(92, 72227128, 72227129, NULL, 'Jean', 'Bertrand', 'a975a32cf775cc35698c3ccd32e5ce2ffe058d37', 'jeanus24@gmail.com', NULL, '2016-09-08', 0, 0, 'Strasbourg', 67000, 0, 1, '1992-06-10', 0, '2e8afeab40ae8cd956e8a9ef6c9f622c18649aa2', 0, 1, 1, 75),
(93, 72333882, 72333883, NULL, 'jean', 'thevenart', '2f6372250c0097c35635d33be28cd9c3810aea2f', 'jeanthevenart@gmail.com', NULL, '2016-09-08', 0, 0, 'Strasbourg', 67000, 0, 1, '1957-09-22', 0, 'bda866a59561072b7d9ed3f092991e8b090cf0b1', 0, 1, 1, 75),
(94, 74010494, 74010495, NULL, 'Jacques', 'Hazan', '58ad983135fe15c5a8e2e15fb5b501aedcf70dc2', 'jdhjacques@gmail.com', NULL, '2016-09-15', 0, 0, 'Strasbourg', 67000, 0, 1, '1995-09-12', 0, '5237511bf84597f7b54fb1321b5fb30fc5ce70ba', 0, 1, 1, 75),
(95, 75131883, 75131884, NULL, 'pierre', 'hlig', '7110eda4d09e062aa5e4a390b0a572ac0d2c0220', 'kuvukg@gmail.com', NULL, '2016-09-20', 0, 0, 'Strasbourg', 67000, 0, 1, '1992-05-02', 0, 'bc98a7002627731ae66f5f0b108daf68209ef973', 0, 1, 1, 75),
(96, 75182874, 75182875, NULL, 'paul', 'martin', '7110eda4d09e062aa5e4a390b0a572ac0d2c0220', 'hgsmap@gmail.com', NULL, '2016-09-20', 0, 0, 'Strasbourg', 67000, 0, 1, '1977-04-04', 0, 'e125c8e04842dc11c3af79cbae490c53f68e5471', 0, 1, 1, 75),
(97, 75843688, 75843689, NULL, 'Pierre', 'Mahler', '62dc46bd6778d0e5a53913def49e6f90b60810dc', 'pierre.mahler67@gmail.com', NULL, '2016-09-22', 0, 0, 'Strasbourg', 67000, 0, 1, '1999-01-08', 0, '58105186546be5b7479ae48397af3f10af5daab9', 0, 1, 1, 75),
(98, 76911377, 76911380, NULL, 'Bérenger', 'Billerot', '5c583c2e0f4dfa5b634a333bf9880b5ddf690e42', 'berenger79@gmail.com', NULL, '2016-09-26', 0, 0, 'Strasbourg', 67000, 0, 1, '1984-09-13', 0, 'fac7b5c171f7c24da1ab36705337c4b6e4fbe090', 0, 1, 1, 75),
(99, 77269868, 77269869, NULL, 'antoine', 'etchegaray', 'e13c85e011810fa27065f2d6ccae3e5bbfd596d4', 'antoine.etchegaray@gmail.com', NULL, '2016-09-27', 0, 0, 'Strasbourg', 67000, 0, 1, '1978-05-11', 0, 'e035e24fe99cd117249c086fef7fc91613464481', 0, 1, 1, 75),
(100, 78806926, 78806927, NULL, 'Loris', 'Birkemeyer', 'f0142b35be133cc9c133e652358e151484852e70', 'loristewis@me.com', NULL, '2016-10-02', 0, 0, 'Strasbourg', 67000, 632244393, 0, '1997-08-01', 0, '02fe635c3844b2779db9b4a6be62e9e5d84e9acf', 0, 1, 1, 75),
(101, 0, 0, '10154503521164705', 'Mat', 'Fgr', NULL, 'mathieufigueres@gmail.com', NULL, '2016-10-08', 0, 0, 'Strasbourg', 67000, 0, 1, '1970-01-01', 0, 'd373bd3bdb3e03f059f0f8acf8595d356dc5c07f', 0, 1, 1, 75),
(102, 81299251, 81299252, NULL, 'Pierre-Marie', 'GARNIER', '07fe02c90dbd9742677b8a055ab2bb474f09eb45', 'pierremarie.Garnier@gmail.com', NULL, '2016-10-10', 0, 0, 'Strasbourg', 67100, 67895958, 0, '1984-02-12', 0, '9124c82c7274902f8bc3576ab2d86caa1f755457', 0, 1, 1, 75),
(103, 83350327, 83350330, NULL, 'Carla', 'Osterheld', 'b70fd5b4ca3190cbbc3b571cb524b39354e69916', 'carla.osterheld@gmail.com', NULL, '2016-10-17', 0, 0, 'Strasbourg', 67000, 0, 1, '1993-05-24', 0, '8cc524716ba3147108d937dfd408c17871158c90', 0, 1, 2, 75),
(104, 0, 0, '704448379719729', 'Marie-Océane', 'Mcht', NULL, 'marieoceane.michot@hotmail.fr', NULL, '2016-10-21', 0, 0, 'Strasbourg', 67000, 0, 1, '1970-01-01', 0, '7d64eb8757ad02f610868e07ea8e4029954e00f4', 0, 1, 2, 75),
(105, 87044186, 87044188, NULL, 'ghislain', 'amani', '8e39aa42b9b3bf73e30f431e25f2566ebb086d6d', 'gigi-you@live.fr', NULL, '2016-10-30', 0, 0, 'Strasbourg', 67000, 0, 1, '1993-02-06', 0, 'ef7ecd91a4b2410031fc89cb79c78b109361a58a', 0, 1, 1, 75),
(106, 0, 0, '10155232978306111', 'Samuel', 'Jiménez', NULL, 'eskombro@hotmail.com', NULL, '2016-12-16', 0, 0, 'Strasbourg', 67000, 0, 1, '1970-01-01', 0, 'e01b437fdce6109c5b48cb265598ed60d4f4986f', 0, 1, 1, 75),
(107, 108825675, 108825676, NULL, 'olivier', 'chemin', 'b2651e7cd860c0de0ccad1d2aba14746b8403ce4', 'olivierchemin@free.fr', NULL, '2016-12-23', 0, 0, 'Strasbourg', 67000, 0, 1, '1960-01-01', 0, '0d9a100af964c81578d8c7a105a20bb11134db99', 0, 1, 1, 75),
(108, 0, 0, '10211980733863282', 'Pascal', 'Hoenn', NULL, 'pahoenn@wanadoo.fr', NULL, '2017-01-26', 0, 0, 'Strasbourg', 67000, 0, 1, '1970-01-01', 0, '5113c9ac4bdb27be52b2404977a25a0f189f402f', 0, 1, 1, 75),
(109, 118574911, 118574917, NULL, 'Raphael', 'Schneider', 'aa9d671c61ef483517b7120023def6d77e7cc128', 'raphael.schneider@live.fr', NULL, '2017-01-27', 0, 0, 'Strasbourg', 67000, 0, 1, '1989-02-18', 0, 'd7992d0f7346d006a7d97d1f32f03e12634d050a', 0, 1, 1, 75),
(110, 118752297, 118752298, NULL, 'Daehli', 'Nadeau-Otis', '56df23ae2d67d4658f3f4a15720cf16fef4b6fe5', 'daehlinadeauotis@gmail.com', NULL, '2017-01-27', 0, 0, 'Strasbourg', 67000, 0, 1, '1994-09-28', 0, '58d88ccb376d41e3f9b4ea7f2dba9b75c4501446', 0, 1, 1, 75),
(111, 0, 0, '10211572879054836', 'Audrey', 'Durmarque', NULL, 'adurmarque@gmail.com', NULL, '2017-01-30', 0, 0, 'Strasbourg', 67000, 0, 1, '1970-01-01', 0, '8751b51b32af4a346f685e84eb6913b4c204b56b', 0, 1, 2, 75),
(112, 0, 0, '146370392539975', 'Maria', 'Bellavista', NULL, 'c.gomez@audeladuvirtuel.com', NULL, '2017-02-08', 0, 0, 'Strasbourg', 67000, 0, 1, '1970-01-01', 0, '2dc08075c95417d119bc327a3b32b3f9ffe728f8', 0, 1, 2, 75),
(113, 123219535, 123219536, NULL, 'Jérémy', 'Ziegler', '35115eb93f6c245250e2534a3eadb4712dc2bcfb', 'skylight0105@yahoo.fr', NULL, '2017-02-08', 0, 0, 'Vendenheim', 67550, 63803260, 0, '1998-05-01', 0, '3e8cf9aeb97b985fea81f241307c9158f6204998', 0, 1, 1, 75),
(114, 123487709, 123487711, NULL, 'Christophe', 'Asnier', '47b0cbee3a66abeb7b1ca6dd9187d10b6bfcce6a', 'christopheasn@outlook.fr', NULL, '2017-02-09', 0, 0, 'Strasbourg', 67000, 0, 1, '1988-03-05', 0, '78cf17d7e3c21efabfdf873cac80b37811c82848', 0, 1, 1, 75),
(115, 126374880, 126374883, NULL, 'manitrala', 'ramaromanana', 'c56e70130409517be10d9801701d853f293b083f', 'ramaromanana.manitrala@gmail.com', NULL, '2017-02-18', 0, 0, 'Strasbourg', 67000, 0, 1, '1996-01-31', 0, '8ba5828bde1e97bbaad3decc1b7bf0684dd610c6', 0, 1, 2, 75),
(116, 126520483, 126520484, NULL, 'Nicolas', 'Schmitt', '71d45f705c3dab331a2e0797c3054cd09650d356', 'schmitt.n683@gmail.com', NULL, '2017-02-18', 0, 0, 'Strasbourg', 67000, 0, 1, '1998-11-19', 0, 'c04931c420041d4a0849c60d07f069f6167d6c23', 0, 1, 1, 75),
(117, 128721110, 128721113, NULL, 'Christine', 'Bonnicel', 'd6dd89a6a7bdddb1f7d7545c6110ac950b9ea9f8', 'christinedelyon@icloud.com', NULL, '2017-02-25', 0, 0, 'Strasbourg', 67000, 0, 1, '1965-03-10', 0, 'ddf8585fe7801e6378e5abc2f12a6a8b2d150a99', 0, 1, 2, 75),
(118, 128932170, 128932171, NULL, 'Luc', 'Merchier', '9b56aed4316f3b4e1048556e0700c296a7dee060', 'luc.merchier@gmail.com', NULL, '2017-02-25', 0, 0, 'Strasbourg', 67000, 0, 1, '1956-02-16', 0, 'fab4f245b77e5bc949094aa220cf7dafa732a10d', 0, 1, 1, 75),
(119, 130138172, 130138173, NULL, 'Mickael', 'DILY', 'fcc134ed7fbf2d1ed04cedc0a522fd8ae8d996e5', 'mickael.dily@gmail.com', NULL, '2017-03-01', 0, 0, 'Strasbourg', 67000, 0, 1, '1973-02-24', 0, '9b7f480e04e92550622c231bc838c0ae2ed08498', 0, 1, 1, 75),
(120, 130518402, 130518403, NULL, 'Mohd Zhafran', 'Mat Jusoh', 'a6c76898357126177ae1c2242955607b928242c3', 'mohdzhafran@hotmail.fr', NULL, '2017-03-02', 0, 0, 'Strasbourg', 67000, 0, 1, '1984-04-03', 0, '9f7759a2af8c04769633fb631a4a66c4b6e42db8', 0, 1, 1, 75),
(121, 130609708, 130609709, NULL, 'Thiago', 'Lima Daher', '91419b7123ecdadfd6fc72982e71d78d0bb0570e', 'thiago.daher@live.com', NULL, '2017-03-02', 0, 0, 'Strasbourg', 67000, 0, 1, '1992-10-31', 0, 'ed120e9b1556634c49bc2ed6b1424958520e0851', 0, 1, 1, 75),
(122, 130651497, 130651501, NULL, 'Arnaud', 'GALMICHE', '668b427ff0a3bfdae6cff2da5e2127036ddf7b44', 'arnaud.galmiche96@gmail.com', NULL, '2017-03-02', 0, 0, 'Strasbourg', 67000, 0, 1, '1996-08-28', 0, 'e99397d5c4b00b85f68b34a3f67c4f5a23efb563', 0, 1, 1, 75),
(123, 130719573, 130719574, NULL, 'Irène', 'Roussat', '25ac46f6df6eac4f5e730ac3cfc432683a132ebd', 'irene.roussat@gmail.com', NULL, '2017-03-02', 0, 0, 'Strasbourg', 67000, 0, 1, '1978-01-13', 0, '3a440d915bcc89e135bcdd4e8af0644135a94568', 0, 1, 2, 75),
(124, 0, 0, '10212465555658514', 'Seghir', 'Benabid', NULL, 'seguirius@hotmail.com', NULL, '2017-03-03', 0, 0, 'Strasbourg', 67000, 0, 1, '1970-01-01', 0, '662ce71d481d1e4386b2a2b45b76f4f34fe029b7', 0, 1, 1, 75),
(125, 0, 0, '10208852894375288', 'Carla', 'Di Gregorio', NULL, 'carla.digregorio@orange.fr', NULL, '2017-03-04', 0, 0, 'Strasbourg', 67000, 0, 1, '1970-01-01', 0, '4f5d78ea47f1c3f7d40c18345613566d96c991de', 0, 1, 2, 75),
(126, 131560909, 131560910, NULL, 'Kevin', 'Edzang nguema', 'cc5ab456438dc9039fe86043117ef9baea6480d3', 'Edzang.25@gmail.com', NULL, '2017-03-05', 0, 0, 'Strasbourg', 67000, 0, 1, '1990-01-09', 0, 'c5dc15b6bfa87b36339043556a6237b9b3af49a6', 0, 1, 1, 75),
(127, 132364847, 132364854, NULL, 'Jean-gabriel', 'Desert', 'a3816b771f8e43b9a81dc5c83d36ed45b9178cae', 'jg.desert@free.fr', NULL, '2017-03-07', 0, 0, 'Strasbourg', 67000, 0, 1, '1990-07-07', 0, '8a697e23e1ccf532d1a712e53e09e9c5cbdf12ee', 0, 1, 1, 75),
(128, 0, 0, '658603851008054', 'Jihed', 'Ben', NULL, 'jbm1501@yahoo.fr', NULL, '2017-03-08', 0, 0, 'Strasbourg', 67000, 0, 1, '1970-01-01', 0, '8468fb4a31ac00e7ba203710ef29210f8594ab27', 0, 1, 1, 75),
(129, 132819002, 132819003, NULL, 'marie', 'peron', 'd0bdcc82aa4f287f97fbe4051db30befdab6b4f0', 'mcp.marie@neuf.fr', NULL, '2017-03-08', 0, 0, 'Strasbourg', 67000, 0, 1, '1956-03-18', 0, 'dac0310bac48dab2605c022e68350f196a3a4e7c', 0, 1, 2, 75),
(130, 133733149, 133733152, '1478541195490678', 'Eva', 'Mekherbi', 'da39a3ee5e6b4b0d3255bfef95601890afd80709', 'eva.mekherbi@gmail.com', NULL, '2017-03-10', 0, 0, 'Paris', 75020, 786631778, 0, '1994-08-06', 0, '32079e117137203f63beca9f507ed04d5034c95f', 0, 1, 2, 75),
(131, 134103837, 134103838, NULL, 'Olivier', 'Godin', '0962dbfc494dabdee510d5aff97ffd46ed7b62c9', 'godinolivier@hotmail.com', NULL, '2017-03-11', 0, 0, 'Strasbourg', 67000, 0, 1, '1990-12-05', 0, '25dc2712d058e5049e7b92ae4ac98bd8085fa174', 0, 1, 1, 75),
(132, 0, 0, '10155222393968117', 'Benjamin', 'Bkml', NULL, 'b.becamel@gmail.com', NULL, '2017-03-11', 0, 0, 'Strasbourg', 67000, 0, 1, '1970-01-01', 0, '3be4f8b7ca876ae604f09074198e60e4918f7d5f', 0, 1, 1, 75),
(133, 0, 0, '10154651917658439', 'Julien', 'Lavault', NULL, 'julien.lavault@gmail.com', NULL, '2017-03-13', 0, 0, 'Strasbourg', 67000, 0, 1, '1970-01-01', 0, 'fc45a0926e9aff3b9f8e5d4dbebc1c5c20ea4e22', 0, 1, 1, 75),
(134, 135923603, 135923608, NULL, 'MEHDI', 'AHOUDIG', '7791d54e89fc0190059da907a5d0840aa7ffddd6', 'ahoudigmehdi@gmail.com', NULL, '2017-03-16', 0, 0, 'Strasbourg', 67000, 0, 1, '1967-09-13', 0, 'ac4429a3a19182d918f708c43bb37aef12c94c4d', 0, 1, 1, 75),
(135, 136279669, 136279670, NULL, 'Loïc', 'Forneri', '6d5fb3ad276d8753428c918242052e895e550af2', 'Dbdbdbd@jebdbd.com', NULL, '2017-03-17', 0, 0, 'Strasbourg', 67000, 0, 1, '2010-07-07', 0, '735f12c555ee5e05abb30696edf02c8bb14e83e4', 0, 1, 1, 75),
(136, 136886224, 136886225, NULL, 'Sébastien', 'Derivaux', 'fc907a5b164e49a9b7abc14f55a79bb4f7938580', 'sderivaux@gmail.com', NULL, '2017-03-18', 0, 0, 'Strasbourg', 67000, 0, 1, '1906-03-19', 0, '53b26cfd08fbe655fcfd14591ac85cecc8a5a5d9', 0, 1, 1, 75),
(137, 137179369, 137179370, NULL, 'Mourad ', 'Bouayad ', '1ed4afd72afc9bbc5da0dd8e433cb246a390342c', 'bouayadm@hotmail.fr', NULL, '2017-03-19', 0, 0, 'Strasbourg', 67000, 0, 1, '1984-11-19', 0, '85581aaf0004fccd34d4cf91dcdf5c5c06237fc2', 0, 1, 1, 75),
(138, 137243927, 137243928, NULL, 'Michel', 'Djaffardjee', 'ad83ea7a483b21b4cbb290da1ad1916fc3e8a632', 'mtdjaffardjee@yahoo.fr', NULL, '2017-03-19', 0, 0, 'Strasbourg', 67000, 0, 1, '1975-04-13', 0, 'b07f4caaf71f76dd5f2fa03055d43c77e8353a9f', 0, 1, 1, 75),
(139, 137439332, 137439333, NULL, 'Hyawatta ', 'Ramos ', 'ce3c2b6a8880424920c445ce4341f3b8b8801a31', 'hyawattas@gmail.com', NULL, '2017-03-20', 0, 0, 'Strasbourg', 67000, 0, 1, '1983-09-21', 0, 'cbe7226c15e274ddf9e0f419fe6ebfb349231f69', 0, 1, 1, 75),
(140, 137969793, 137969796, NULL, 'Guillaume', 'Tran', '8b4835bffcaf24ff44d4f830ae1085ac4e4b005d', 'guillaumetran97@gmail.com', NULL, '2017-03-21', 0, 0, 'Strasbourg', 67000, 0, 1, '1997-10-11', 0, 'f9fd5bf04a78b689f27994a2cf7caebae60e579f', 0, 1, 1, 75),
(141, 138248451, 138248453, NULL, 'gabrielle', 'bognet', '0e4ac3f51ff825d4e2d9bcae1a7458e49a25c555', 'gabrielle.mutel@free.fr', NULL, '2017-03-22', 0, 0, 'Strasbourg', 67000, 0, 1, '1983-11-12', 0, 'fe8647f48f453890e2c744540a2d298af251d3bc', 0, 1, 2, 75),
(142, 0, 0, '1549886971706856', 'Zakaria', 'Bibi', NULL, 'ziva75011@hotmail.fr', NULL, '2017-03-22', 0, 0, 'Strasbourg', 67000, 0, 1, '1970-01-01', 0, 'b0067d46c91391a11169c90df744b371dcfc5eba', 0, 1, 1, 75),
(143, 138608456, 138608461, NULL, 'Karim', 'RADY', '2610fcc184777f5b0e744b772ce9ffe8f7e14a5d', 'karimmohkamel@gmail.com', NULL, '2017-03-23', 0, 0, 'Strasbourg', 67000, 0, 1, '1995-06-06', 0, '8b91245a06248249b5e21155a577d58051ff0a7d', 0, 1, 1, 75),
(144, 138771591, 138771593, NULL, 'Patrick', 'Mabboux', '1b4b31cbca1197f5cc690ffc7e161be4c28e6860', 'Patrick.mabboux@cera.caisse-epargne.fr', NULL, '2017-03-23', 0, 0, 'Strasbourg', 67000, 0, 1, '1977-12-10', 0, '61d93d08950b42159189d1d614a5a6683c981fe9', 0, 1, 1, 75),
(145, 138916123, 138916126, NULL, 'Quentin', 'Muller', 'cf4792318962bc77f6bc6e3ddf15f7b05aeaa23f', 'quentin1.muller@epitech.eu', NULL, '2017-03-23', 0, 0, 'Strasbourg', 67000, 0, 1, '1997-08-24', 0, 'd55097ea19c35d4212c008be9058c6a0c4fbafd1', 0, 1, 1, 75),
(146, 0, 0, '10212699945881818', 'Frederic', 'Trancoso', NULL, 'trancoso.frederic@neuf.fr', NULL, '2017-03-24', 0, 0, 'Strasbourg', 67000, 0, 1, '1970-01-01', 0, '428b37fd4b0890b33904366a8c279f8c80c317d0', 0, 1, 2, 75),
(147, 139633929, 139633932, NULL, 'Milanovic ', 'Nebojsa ', 'e4b29df3d8fd40f725d999746822c26f4d0073d2', 'milanovic1167@gmail.com', NULL, '2017-03-25', 0, 0, 'Strasbourg', 67000, 0, 1, '1966-12-12', 0, 'fba4a26a32d9b377baf173ab6be9e8345da43fca', 0, 1, 1, 75),
(148, 0, 0, '1128974290562534', 'Alex', 'Chevalier', NULL, 'a.chevalierroy@laposte.net', NULL, '2017-03-25', 0, 0, 'Strasbourg', 67000, 0, 1, '1970-01-01', 0, 'e1211a0c4f8ed6b0c115bbca024deac57ace7bcf', 0, 1, 1, 75),
(149, 140004095, 140004097, NULL, 'Jan', 'Haecker', '9e4d5dda130430941eedd257ecec831c376b0161', 'jaicify@gmail.com', NULL, '2017-03-26', 0, 0, 'Strasbourg', 67000, 0, 1, '1992-09-05', 0, '5a907bb8f144e5115b45fe87474b00521a72bd98', 0, 1, 1, 75),
(150, 140246857, 140246858, NULL, 'Nathanaël', 'BENAYM', '3f759174035553c78031b7f4eb1799751a62c03b', 'nathanael@repairandrun.com', NULL, '2017-03-27', 0, 0, 'Strasbourg', 67000, 0, 1, '1987-09-17', 0, '17e33c55551e047af01e6e8eb5882e16da61fa74', 0, 1, 1, 75),
(151, 140369780, 140369781, NULL, 'Héloïse', ' MARREC', '59e243c7a40baf05f76fff9ee0eb9bd1e4c109a3', 'heloisemarrec@yahoo.fr', '151HeloToUrbex.png', '2017-03-27', 0, 0, 'STRASBOURG', 67000, 620736954, 0, '1996-08-15', 0, '4d4477577a9bede5d6d094aa3c168a1c6a507ef4', 0, 1, 2, 75),
(152, 141308607, 141308608, NULL, 'Nazim', 'Nouri', '2642c2b9dbc1b0b81c033d685015379915c3c932', 'nazim.nouri13@gmail.com', NULL, '2017-03-29', 0, 0, 'Strasbourg', 67000, 0, 1, '1986-12-20', 0, '53946612e0156fc33f76d87f410ca771b15ae300', 0, 1, 1, 75),
(153, 141431237, 141431238, NULL, 'THIBAULT', 'TEUF', '2bc43778776c790479db0585d383f48a37135451', 'teuft@yahoo.fr', NULL, '2017-03-30', 0, 0, 'Strasbourg', 67000, 0, 1, '1992-02-10', 0, '7f01e756a2434e024255a2adab2859f64d9702f7', 0, 1, 1, 75),
(154, 142976536, 142976537, NULL, 'Ines', '03it', 'a3948b57069eb47dcc36d3bed35614bf22f26ac3', '03it86ines@gmail.com', NULL, '2017-04-03', 0, 0, 'Strasbourg', 67000, 0, 1, '1986-12-29', 0, '6a95daee372fc1a0ae5e216e373105939ab75d84', 0, 1, 2, 75),
(155, 143129781, 143129782, NULL, 'adrien', 'dupuy', '2f4f5b82148172a538e65b59d72d92774fc4c1da', 'adriendupuy77@gmail.com', NULL, '2017-04-03', 0, 0, 'Strasbourg', 67000, 0, 1, '1989-05-17', 0, 'bf6f2c463ce8d2105313a6c13b138a6bab316ea5', 0, 1, 2, 75),
(156, 144797271, 144797273, NULL, 'Maxime', 'QUIBLIER', '780a5badf0889b5167b250ba51c03ffd4a405086', 'maximequiblier@gmail.com', NULL, '2017-04-07', 0, 0, 'Strasbourg', 67000, 0, 1, '1987-01-04', 0, 'e5cdb59f798d8cffefa60439bd85b99e20fcf97e', 0, 1, 1, 75),
(157, 145244090, 145244091, NULL, 'Serban', 'Din', '991ae9187178ec069cc12ca20e0a1c87d9f786c1', 'serbandin@gmail.com', NULL, '2017-04-08', 0, 0, 'Strasbourg', 67000, 0, 1, '1990-03-13', 0, '91fb8fc12613663456d27548fd2997f0a8626439', 0, 1, 1, 75),
(158, 145283206, 145283209, NULL, 'nicolas', 'matelot', '26f7b80b102cedca9a4156c88e19b330a961dd86', 'mateloptnicolas@gmail.com', NULL, '2017-04-08', 0, 0, 'Strasbourg', 67000, 0, 1, '1991-08-17', 0, '8daa884c9a44df2322aa63a42810254ef2503421', 0, 1, 1, 75),
(159, 145467956, 145467957, NULL, 'Natacha', 'Bruchet', '9185ac5453c7c4ef45a8df15bf471dfbbcf628da', 'natacha.bruchet@hotmail.fr', NULL, '2017-04-09', 0, 0, 'Strasbourg', 67000, 0, 1, '1991-07-09', 0, '48b6673a3dae26d8d858c30108a9241900ba07d1', 0, 1, 2, 75),
(160, 146110361, 146110364, NULL, 'Christian', 'Bach', '53404267aba609fba5eed14f1cee6c278f0bdf99', 'christian.bach@dna.fr', NULL, '2017-04-11', 0, 0, 'Strasbourg', 67000, 0, 1, '1963-03-22', 0, 'a54ecaf1ab7010cbd0d15b5fa5f122c1fde59c22', 0, 1, 1, 75),
(161, 0, 0, '10212682533002084', 'Maïlys', 'Foissac', NULL, 'mailys.foissac@laposte.net', NULL, '2017-04-11', 0, 0, 'Strasbourg', 67000, 0, 1, '1970-01-01', 0, 'edb5c63567f5f6c9bbbf4c77ee25a7f4afc91cf1', 0, 1, 2, 75),
(162, 146146691, 146146692, NULL, 'Bertrand ', 'EISENECKER', 'c39fe294a4be2234c02352a411d0e65109c658e8', 'bertrand.eisenecker@orange.fr', NULL, '2017-04-11', 0, 0, 'Strasbourg', 67000, 0, 1, '1958-03-28', 0, '484f1a5f1a724ba6fc007747a413e285b39e14b6', 0, 1, 1, 75),
(163, 146220256, 146220257, NULL, 'Karen', 'AKHUMYAN', 'a492940015bc65a714769e637526ec3aaf211cdb', 'karen.akhumyan@gmail.com', NULL, '2017-04-11', 0, 0, 'Strasbourg', 67000, 0, 1, '1978-10-30', 0, 'e5872f782320d9cbadee4b82210f9324f2661486', 0, 1, 1, 75),
(164, 146250658, 146250661, NULL, 'Jean-luc', 'Baudouin', '9c881bdb6bc930d18797d72d07bb9e01eeb40d8b', 'jeanlucbaudouin@yahoo.fr', NULL, '2017-04-11', 0, 0, 'Strasbourg', 67000, 0, 1, '1968-05-24', 0, '2aa7865e0c4435c972952e15f9b920f732c61006', 0, 1, 1, 75),
(165, 146269963, 146269967, NULL, 'Francoise ', 'Revil', 'c75540bb89ff9ac42d9a5a930585896200c2603f', 'frevil@noos.fr', NULL, '2017-04-11', 0, 0, 'Strasbourg', 67000, 0, 1, '1950-06-04', 0, 'f39ec549d1b711861e529ec84efe7caa60d9264d', 0, 1, 2, 75),
(166, 146272437, 146272440, NULL, 'fghfghfgd', 'dfhfghfdgh', 'fafaf7cd843bc26e284f8ff602e7a07892e219aa', 'dfgdfsg65@sendto.cf', NULL, '2017-04-11', 0, 0, 'm', 67000, 0, 0, '1966-11-14', 0, 'e53514741b1835990d4374692b7ce83409686de4', 0, 1, 1, 75),
(167, 146273454, 146273455, NULL, 'Emmanuel', 'Faber', '07634b0b0fd55f28836c95d9791f266cf32acff2', 'manu.faber@laposte.net', NULL, '2017-04-11', 0, 0, 'strasbourg', 67000, 601968257, 0, '1971-11-27', 0, 'ce09a886762647b828183ae847ecb4e22a13da1f', 0, 1, 1, 75),
(168, 146273973, 146273974, NULL, 'Matthieu', 'Normandin ', '595638344ae630eddd1931c7a91fce7f7f0ed345', 'normandin.matthieu@wanadoo.fr', NULL, '2017-04-11', 0, 0, 'Strasbourg', 67000, 0, 1, '1985-03-03', 0, '17475989986c1639cbc4940ff573d3864f48f5e6', 0, 1, 1, 75),
(169, 146276573, 146276578, NULL, 'Christian', 'Tournier', '70288cc2bc8eb4e7adb3495d4e4d1214f0b38f4c', 'tournierchristian@orange.fr', NULL, '2017-04-11', 0, 0, 'Strasbourg', 67000, 0, 1, '1957-02-20', 0, '28811b915ce0407735dd3e242b77f5b5faafba24', 0, 1, 1, 75),
(170, 146292056, 146292059, NULL, 'Peter', 'BRUMT', '425e95e85b61f628187c4e43d094371144e0aa70', 'peter_de_brumt@hotmail.com', NULL, '2017-04-11', 0, 0, 'Strasbourg', 67000, 0, 1, '1990-02-11', 0, '13c9c008f6bb69ebb209d302df14d4eeea8ad2dd', 0, 1, 1, 75),
(171, 146331386, 146331388, NULL, 'Célia', 'DOLLE', '84e076486cc3d27f30ea16bede3ed05d4659fa7f', 'benoit.celia@gmail.com', NULL, '2017-04-11', 0, 0, 'Strasbourg', 67000, 0, 1, '1981-02-08', 0, '696dab8182774fac12b7607558937e2d25f3b79b', 0, 1, 2, 75),
(172, 0, 0, '10213280796802782', 'Mem', 'PH', NULL, 'maxime.elmeski@myicn.fr', NULL, '2017-04-12', 0, 0, 'Strasbourg', 67000, 0, 1, '1970-01-01', 0, 'fb8702ae4cabd37ada0a3d673edd75acdd5b7aef', 0, 1, 1, 75),
(173, 146512782, 146512783, NULL, 'Florence', 'LICKEL', 'd0c63886e013f7a438c7af696a852285d92e0869', 'flo1flo@hotmail.fr', NULL, '2017-04-12', 0, 0, 'Strasbourg', 67000, 0, 1, '1989-02-24', 0, '9cc0aff61011e513b12a5d111d6eca47a697c824', 0, 1, 2, 75),
(174, 146567148, 146567153, NULL, 'Éric', 'Portrait', '60eb7e5f19f749bff6c73caea6de7fb0b54f27f8', 'portrait.eric+bikerr@gmail.com', NULL, '2017-04-12', 0, 0, 'Strasbourg', 67000, 0, 1, '1978-05-15', 0, '15f5fdc8dccea7d49a78f02597f6ccd8c85593a1', 0, 1, 1, 75),
(175, 146625185, 146625188, NULL, 'Celine', 'papass', '30a341fb75460c7547b7cf0829eb2550855e5317', 'lapapass@hotmail.fr', NULL, '2017-04-12', 0, 0, 'Strasbourg', 67000, 0, 1, '1988-04-05', 0, '0d72da33a82f5358402ab152f5b0cf45a9543d60', 0, 1, 2, 75),
(176, 146642894, 146642899, NULL, 'Yvan', 'Romé', 'b180e8aca897e3f91974cf6a6186187c7c297c4b', 'yvanpub.rome@gmail.com', NULL, '2017-04-12', 0, 0, 'Strasbourg', 67000, 0, 1, '1995-12-02', 0, '0e433a4ad02be2f22bd1bb8da1aa47222b932ee8', 0, 1, 1, 75),
(177, 146667382, 146667383, NULL, 'Charlotte', 'Bouët-Willaumez ', '62018e4de4de517406a7a11e1c510e8dce3a9b46', 'charlotte.bouetwillaumez@gmail.com', NULL, '2017-04-12', 0, 0, 'Strasbourg', 67000, 0, 1, '1974-12-12', 0, '80738db63734fe585149946ca79c1237af68c17c', 0, 1, 2, 75),
(178, 146770897, 146770900, NULL, 'Fabrice', 'Jorge', 'e1516da0373e9f07402f0cc9b12f0cb8191cf1ac', 'fabrice@poirpom.com', NULL, '2017-04-12', 0, 0, 'Nantes ', 44100, 680681715, 0, '1978-05-18', 0, 'fe2022e2ed348128aac482fa5aeff598c1c24bdb', 0, 1, 1, 75),
(179, 146816079, 146816081, NULL, 'Eddy ', 'CARRETERO ', 'b103c0bd6ada94af7e13fab7953aea52053cb062', 'eddy.carretero@hotmail.fr', NULL, '2017-04-13', 0, 0, 'Strasbourg', 67000, 0, 1, '1978-02-04', 0, 'd34c7ebdba63ba56ef1df40b00d8111f6444b2a0', 0, 1, 1, 75),
(180, 0, 0, '1331329486952595', 'Louiz', 'Grall-vigneron', NULL, 'get-around-town@hotmail.fr', NULL, '2017-04-13', 0, 0, 'Strasbourg', 67000, 0, 1, '1970-01-01', 0, '61ef9f4013f1f08b4429673e31db7555e4489e09', 0, 1, 2, 75),
(181, 0, 0, '10211187799185974', 'Jean', 'Zano', NULL, 'jean.josse@yahoo.fr', NULL, '2017-04-14', 0, 0, 'Strasbourg', 67000, 0, 1, '1970-01-01', 0, '672e0447aae931e1cc610ee603450978eefb49e4', 0, 1, 1, 75),
(182, 147303989, 147303990, NULL, 'Mariana', 'Tourn', '9f81d774554ba706dccb175ed0d21534eaf1302c', 'marianatourn7@gmail.com', NULL, '2017-04-14', 0, 0, 'Strasbourg', 67000, 0, 1, '1968-10-24', 0, '0742c50a16c2cd2b4d7b45e57a5c8e0a5e391f4e', 0, 1, 2, 75),
(183, 147360556, 147360559, NULL, 'Nicolas', 'Pigelet', 'a48802aa7048dcdf450ddc2a1b3947ea5b5d5eb5', 'nipigelet@gmail.com', NULL, '2017-04-14', 0, 0, 'Strasbourg', 67000, 0, 1, '1988-03-09', 0, '8972fe7f487a781f23941686759be1e610e1e497', 0, 1, 1, 75),
(184, 147394193, 147394194, NULL, 'prenom', 'nom', '940c0f26fd5a30775bb1cbd1f6840398d39bb813', 'monnom@yopmaill.com', NULL, '2017-04-14', 0, 0, 'Strasbourg', 67000, 0, 1, '1986-07-06', 0, '4ddcef55d1a0bc5dcc4157761b58c80f0eb603b6', 0, 1, 2, 75),
(185, 147566386, 147566389, NULL, 'Guillaume ', 'Peyre ', '9c349d89e15b9f50080179af649ff45d429adb18', 'guipeyre@gmail.com', NULL, '2017-04-14', 0, 0, 'Paris', 75008, 61767387, 0, '1972-06-08', 0, 'ccb7f389014e70097d5906a112b28def1c7700ce', 0, 1, 1, 75),
(186, 147653683, 147653684, NULL, 'Nicolas', 'BOISSERIE', '9260d2beba3f6936119d8dddaa8e2fb69955f98b', 'n.boisserie@wanadoo.fr', NULL, '2017-04-15', 0, 0, 'Strasbourg', 67000, 0, 1, '1970-01-18', 0, 'e3cfdca07da85b825bf97d8af28dbd500bbea5e3', 0, 1, 1, 75),
(187, 147657532, 147657533, NULL, 'George', 'Saleme', '34b4b95c3a3d4746073ea7195f481335e7f469ce', 'egeorgeslm@hotmail.com', NULL, '2017-04-15', 0, 0, 'Strasbourg', 67000, 0, 1, '1984-06-03', 0, '78db9ce1e59b7e97a367b330f659835b9f2b7158', 0, 1, 1, 75),
(188, 147948308, 147948311, NULL, 'marc', 'wietzorrek', '98e89c804054b285a7e03ed8ab2d308ef7ef01e8', 'ponyboy53@hotmail.fr', NULL, '2017-04-16', 0, 0, 'Strasbourg', 67000, 0, 1, '1964-11-18', 0, 'acea1bbd9e728f0101558189d9dd4a0c25513109', 0, 1, 1, 75),
(189, 0, 0, '10155198505959643', 'David', 'Alezra', NULL, 'dalezra@hotmail.com', NULL, '2017-04-16', 0, 0, 'Strasbourg', 67000, 0, 1, '1970-01-01', 0, '1776c4bd7a779c3d467ec9346c58c5eb97e562c5', 0, 1, 1, 75),
(190, 148124976, 148124978, NULL, 'Didier', 'Meyer', 'e7355c2140d34f66c3dda4a150999711426c37af', 'didier.meyer.dme@wanadoo.fr', NULL, '2017-04-17', 0, 0, 'Strasbourg', 67000, 0, 1, '1960-08-18', 0, '46366dc88116a2f9b68de6cceac1aa7cf43feead', 0, 1, 1, 75),
(191, 0, 0, '1710625195901803', 'Adam', 'Caucasian', NULL, 'baysse4@gmail.com', NULL, '2017-04-17', 0, 0, 'Strasbourg', 67000, 0, 1, '1970-01-01', 0, '05f46d36782e679042dbf985436c2c17eb4baa2b', 0, 1, 1, 75),
(192, 148209957, 148209958, NULL, 'Lucie', 'Schmitt', 'edbe441c2cf42ac211296233b438e00f151149ee', 'schmitt.lucie97@gmail.com', NULL, '2017-04-17', 0, 0, 'Strasbourg', 67000, 0, 1, '1997-01-21', 0, '9ef48d30d584b195137973fc43014f89e15a5790', 0, 1, 2, 75),
(193, 148412838, 148412839, NULL, 'Marek', 'Wawrzynek', '0fef471d955f9c96f9a6a345efd441c46c7b5239', 'marek.waw@gmail.com', NULL, '2017-04-18', 0, 0, 'Strasbourg', 67000, 0, 1, '1984-04-19', 0, '3bbe518fd6eba867acef26b0d0f2e8781a73bb60', 0, 1, 1, 75),
(194, 0, 0, '759619044205618', 'Nicholas', 'VanOuten', NULL, 'thouvenotnicolas@gmail.com', NULL, '2017-04-18', 0, 0, 'Strasbourg', 67000, 0, 1, '1970-01-01', 0, '55595a4743c5eacd622aa12051abc55eb4d4f028', 0, 1, 1, 75),
(195, 148450990, 148450991, NULL, 'Elodie', 'Larregue', '4db72c40d795b55ff8c4f4451307bada6232a679', 'ellarregue@gmail.com', NULL, '2017-04-18', 0, 0, 'Strasbourg', 67000, 0, 1, '1985-03-29', 0, '614fdf79127933eddd9e608b19f4087f1b0c08bf', 0, 1, 2, 75),
(196, 0, 0, '1938317179721128', 'Alguien', 'Aqui', NULL, 'secafelo89@yahoo.fr', NULL, '2017-04-18', 0, 0, 'Strasbourg', 67000, 0, 1, '1970-01-01', 0, '2add59e85c19244b9c06fb6ebedb56c9d9f3f097', 0, 1, 1, 75),
(197, 148482039, 148482042, NULL, 'Johnny', 'Valentin', 'fc34c64ef740c0383e94f15aa282efab3146ac0a', 'v.johnny.88@gmail.com', '197IMG_6458.JPG', '2017-04-18', 0, 0, 'YUTZ', 57970, 672425177, 0, '1991-07-31', 0, '7473a9daf3db0d726f1f5e9fa7448a7d36724d72', 0, 1, 1, 75),
(198, 0, 0, '10154322846935925', 'Arthur', 'Frd', NULL, 'arthurferaud@gmail.com', NULL, '2017-04-18', 0, 0, 'Strasbourg', 67000, 0, 1, '1970-01-01', 0, 'c24075a6a3b8daa75524535844e1be1d153be7a7', 0, 1, 1, 75),
(199, 148631182, 148631187, NULL, 'Pierre', 'Beugnet', '8becba6860478d99c3c95baa614d4bcf24b59ca6', 'pierre@beugnet.fr', NULL, '2017-04-18', 0, 0, 'Strasbourg', 67000, 0, 1, '1986-06-14', 0, '1656e807ab5fdbb613e80e1ff3cd6b2eb594e82e', 0, 1, 1, 75),
(200, 148746773, 148746774, NULL, 'Jean', 'Biardeau', 'df928254517d705f1cc43e0b6ee4f1f910184605', 'Jean.biardeau@gmail.com', NULL, '2017-04-18', 0, 0, 'Strasbourg', 67000, 0, 1, '1988-04-21', 0, 'd9491441bda752a045a0909d8a2f9d304ae0162a', 0, 1, 1, 75),
(201, 148816562, 148816563, NULL, 'Corinne', 'Ehrlenfeldt', '8d91ce38092336b8cb9187527856f7cf4347b6ea', 'c.ehrlenfeldt@gmail.com', NULL, '2017-04-19', 0, 0, 'Strasbourg', 67000, 0, 1, '1968-01-18', 0, 'f9460dbf5cd7d292c10ef6c4fa555799e1ebb616', 0, 1, 2, 75),
(202, 148819107, 148819108, NULL, 'arnaud', 'chauchoy', '89d192bdb643728278b37edf57bb0402d5022fce', 'achauchoy@gmail.com', NULL, '2017-04-19', 0, 0, 'Strasbourg', 67000, 0, 1, '1968-11-03', 0, '31619914822108eaa37a69a18aa1a02e051a0ca7', 0, 1, 1, 75),
(203, 0, 0, '10208533831292905', 'Herve', 'Lecam', NULL, 'herve.le-cam@laposte.net', NULL, '2017-04-19', 0, 0, 'Strasbourg', 67000, 0, 1, '1970-01-01', 0, '16f6ff6480f66a3dbe34be277ebf8a46cda38f6b', 0, 1, 1, 75),
(204, 149003221, 149003222, NULL, 'Grégory', 'Delattre', 'eb24058c89948fbf5ebc6cbc38bf974e4c001541', 'ibikestrasbourg@gmail.com', NULL, '2017-04-19', 0, 0, 'Strasbourg', 67000, 0, 1, '1982-06-07', 0, '35c95967a22c7a98bf3c56b1a08dc5dcf903a029', 0, 1, 1, 75),
(205, 149258252, 149258253, NULL, 'catherine', 'MARCOT', 'bb610a25979449da002e7a77955fb15302ad8d7e', 'onyxm88@yahoo.fr', NULL, '2017-04-20', 0, 0, 'Strasbourg', 67000, 0, 1, '1966-01-28', 0, '5dba07ce05eb68ab76d34c84f95ca7c3db40c182', 0, 1, 2, 75),
(206, 149289164, 149289167, NULL, 'christophe', 'dillschneider', '2006b7d9c8e54a92b0aaecd11218a92cd429b457', 'dillschneider.c@sfr.fr', NULL, '2017-04-20', 0, 0, 'Strasbourg', 67000, 0, 1, '1968-07-11', 0, '19bdc55bcd0fc8ca7a1158ac2f891d46290dd92c', 0, 1, 1, 75),
(207, 149670425, 149670426, NULL, 'greg', 'ohanness', '171ca95a39097b5203731eaf06da6efc1db0466a', 'gregorio.o@gmail.com', NULL, '2017-04-21', 0, 0, 'Strasbourg', 67000, 0, 1, '1970-01-01', 0, '81c27c734a1ec9260170ad3bac03e72eef174cea', 0, 1, 1, 75),
(208, 149775050, 149775051, NULL, 'DANIEL', 'LAPINSKI', 'c76905db85bc18ba9cb24a40f2c2f6273e604108', 'dv.lapinski@numericable.fr', NULL, '2017-04-21', 0, 0, 'Strasbourg', 67000, 0, 1, '1960-01-02', 0, '5a3b48499797dda9c8df1cf4455bd870f32a475e', 0, 1, 1, 75),
(209, 149836912, 149836913, NULL, 'florent', 'PERRIN', '480d681e84fcb987056d128333a580b4ea883cd0', 'fperrinplv@gmail.com', NULL, '2017-04-21', 0, 0, 'Strasbourg', 67000, 0, 1, '1970-05-14', 0, '0cd6eec44b3a1f989fb02bf2407d0b3967251e9b', 0, 1, 1, 75),
(210, 0, 0, '10212141292543973', 'Louis', 'Horen', NULL, 'hrn152@gmail.com', NULL, '2017-04-21', 0, 0, 'Strasbourg', 67000, 0, 1, '1970-01-01', 0, 'cb25a8f079b9bb27287287f6c2319ffc3b54a82c', 0, 1, 1, 75),
(211, 0, 0, '10155092821397177', 'David', 'Cormerais', NULL, 'hello_david44@hotmail.com', NULL, '2017-04-22', 0, 0, 'Strasbourg', 67000, 0, 1, '1970-01-01', 0, 'd44d0994ece137352e23bd332eec3b835436fdec', 0, 1, 1, 75),
(212, 150420141, 150420142, NULL, 'FLORIANT', 'DITHOTAB', '8436969bf085d7e3c582c8d0a913857eb119935c', 'floriantdithotab@gmail.com', NULL, '2017-04-23', 0, 0, 'gradignan', 33170, 752962260, 0, '1983-07-13', 0, '23804aa1a85f589a12934becdcc035a569b8ef03', 0, 1, 1, 75),
(213, 150424220, 150424223, NULL, 'KEVIN', 'DEVOS', 'c3c4deeaee0f850e1a2524d79158a6da3ec8c234', 'devoskevin@gmail.com', NULL, '2017-04-23', 0, 0, 'Strasbourg', 67000, 0, 1, '1984-10-08', 0, '84554c3b7acd8c6aa8e159e8acdaeb85fac6f21e', 0, 1, 1, 75),
(214, 150435744, 150435745, NULL, 'Xavier', 'Bertho', 'fb7b87f791ec5f2c0df560f41d6b2188ab4c54a6', 'laurapatxav@free.fr', NULL, '2017-04-23', 0, 0, 'Strasbourg', 67000, 0, 1, '1973-05-21', 0, 'ccdb7e22b58c6602b0da038938478ca57dc884b1', 0, 1, 1, 75),
(215, 150623306, 150623307, NULL, 'Laurie', 'Dubot', '9b8aeedf0dd9784a737c8d12cc6cb5528e210042', 'laurie.dubot@yahoo.fr', NULL, '2017-04-23', 0, 0, 'Strasbourg', 67000, 0, 1, '1994-05-17', 0, 'ba4d3b52d903bf7757e2114e72e165c4cb6e2ac7', 0, 1, 2, 75),
(216, 150835563, 150835566, NULL, 'Rhyzlene ', 'Ramdane ', '1360a831028fda61c77dbf9b020891a4be0a8a53', 'rhyzlenemakeup@live.fr', NULL, '2017-04-24', 0, 0, 'Strasbourg', 67000, 0, 1, '1989-11-23', 0, '93292c5be3f284416a343c42c2b7434d420120bc', 0, 1, 2, 75);
INSERT INTO `membre` (`id`, `id_mangopay`, `id_wallet`, `id_facebook`, `prenom`, `nom`, `password`, `email`, `avatar_image`, `date_inscription`, `nb_velo_emprunte`, `nb_velo_prete`, `ville`, `code_postal`, `tel`, `tel_public`, `date_naissance`, `membre_verifie`, `key_mdp`, `points`, `indic_tel_id`, `genre_id`, `pays_id`) VALUES
(217, 151033479, 151033480, NULL, 'Fanny', 'Dekerle', 'd280e356588a1d23e83034433804b112bc9ff4a6', 'fannydekerle@gmail.com', NULL, '2017-04-24', 0, 0, 'Strasbourg', 67000, 0, 1, '1974-04-05', 0, 'da146e61c1ceb6724e6fb7696aec3a8e3410df53', 0, 1, 2, 75),
(218, 151074305, 151074306, NULL, 'pascal', 'bobinet', 'd28a41f485c40382e9e01ec5843d822dd37652ae', 'pbobinet@gmx.fr', NULL, '2017-04-25', 0, 0, 'Strasbourg', 67000, 0, 1, '1985-04-28', 0, '5e84c62d89b7f60ab19fcc2dae6c6c79f7c014b3', 0, 1, 1, 75),
(219, 151259039, 151259040, NULL, 'Estelle', 'CHRISTOPHE', '85a7e7f53f01252f8afa76f91f6965dc367db8b5', 'etoilesix@gmail.com', NULL, '2017-04-25', 0, 0, 'Strasbourg', 67000, 0, 1, '1988-10-06', 0, '824dbb814f33b2e51d40b4ee1c520f9a44df6ee6', 0, 1, 2, 75),
(220, 151369252, 151369253, NULL, 'eric', 'winter', '66e8368ea7b6249c62b120be9dbd7a2a9f648b11', 'eric.winter03@gmail.com', NULL, '2017-04-25', 0, 0, 'Strasbourg', 67000, 0, 1, '2003-08-01', 0, '15b85e5a594a02bbd9382f8929b68fa4bf7bf194', 0, 1, 1, 75),
(221, 151394602, 151394603, NULL, 'Sarah', 'Da', '7d2916e35463d8758acc0c56d1df61664a6a3e7f', 'sada.surakta@gmail.com', NULL, '2017-04-26', 0, 0, 'Strasbourg', 67000, 0, 1, '1986-04-19', 0, '871bcf46d5efe3ba7b420c05d0d72c542a8d386a', 0, 1, 2, 75),
(222, 151516453, 151516454, NULL, 'Aurélie', 'Houot', '4dfbca477cc768832803ed8a7750150dca4c07ca', 'riklamalice@hotmail.fr', NULL, '2017-04-26', 0, 0, 'Strasbourg', 67000, 0, 1, '1986-06-11', 0, '0c0172e2f4035fcd32eb7487c596033922c11d7c', 0, 1, 2, 75),
(223, 151587189, 151587190, NULL, 'Amandine', 'Dessertennes', 'c65aeac9ffdc4d29d74ed4b57bddf7c4a8ecc811', 'Amandine.dessertennes@orange.fr', NULL, '2017-04-26', 0, 0, 'Strasbourg', 67000, 0, 1, '1993-11-06', 0, '0e6397337517b58e954af329b8a3eab5194546ef', 0, 1, 2, 75),
(224, 151640682, 151640685, NULL, 'Deusebio', 'Théo', 'd6e33be24bf6a4a3e73639ba7a866b84ce7a91e1', 'theodeusebio161@gmail.com', NULL, '2017-04-26', 0, 0, 'Strasbourg', 67000, 0, 1, '2000-05-13', 0, '0ab7c5bd9d0bdb5e01129343c73e4c15208f55df', 0, 1, 1, 75),
(225, 151795042, 151795043, NULL, 'Thomas', 'Mebius', 'a4ae13b01c10f67f9ac0b38c068594dd43f52dd8', 'thomas.mebius@gmail.com', '225Cartoon.png', '2017-04-26', 0, 0, 'Meudon', 92190, 65092679, 0, '1994-01-25', 0, 'efd2c247aba6c88cb9f2453c65cbb2356a83c1c3', 0, 1, 1, 75),
(226, 151842525, 151842530, NULL, 'Axel', 'Ortin', 'c984aed014aec7623a54f0591da07a85fd4b762d', 'axel.ortin91@gmail.com', NULL, '2017-04-26', 0, 0, 'Strasbourg', 67000, 0, 1, '1990-10-15', 0, '460ae3f21c8ebb2f82682852677fb5173dd28968', 0, 1, 1, 75),
(227, 152074285, 152074290, NULL, 'Lucas ', 'Bouyer', 'a551b594b52e6d1ee35955fc7666c46d4699db49', 'bouyer.lucas.lb@gmail.com', NULL, '2017-04-27', 0, 0, 'Strasbourg', 67000, 0, 1, '1970-01-01', 0, '6e93d6871bcdf9465c646a71294f387f8ec23790', 0, 1, 1, 75),
(228, 152520244, 152520249, NULL, 'Christophe', 'Wocial', '31130f9de9a2eb29e4211e61f5ebabf985ed7116', 'wwwocial@gmail.com', NULL, '2017-04-28', 0, 0, 'Strasbourg', 67000, 0, 1, '1983-05-16', 0, '41aa0fbf3536b034e3018b37479c68132aee39e2', 0, 1, 1, 75),
(229, 0, 0, '10210616850352335', 'Dimitri', 'Bigot Gortchakoff', NULL, 'dimitri.bigot23@gmail.com', NULL, '2017-04-28', 0, 0, 'Strasbourg', 67000, 0, 1, '1970-01-01', 0, '6d34e2d79b8344b9ead855aaf926f80385ca98e7', 0, 1, 1, 75),
(230, 152684155, 152684158, NULL, 'Pierre', 'Besançon', 'bf2f749e80c970f50552e9d5f3e8434e78b88d35', 'pierrebuzz@wanadoo.fr', '230photo.JPG', '2017-04-28', 0, 0, 'Quint-Fonsegrives', 31130, 632956910, 0, '1986-03-24', 0, '34c300dac7b794ec44f199149461dcfd719246bb', 0, 1, 1, 75),
(231, 152989786, 152989791, NULL, 'Mathilde', 'Tuscher', '465c1b2c123c4a80a27d6f78fba2c3771a097bce', 'tuscher.m@gmail.com', NULL, '2017-04-29', 0, 0, 'Strasbourg', 67000, 0, 1, '1989-05-31', 0, '80628cbd8285bf75403158d503ac2c13c5ea26c6', 0, 1, 2, 75),
(232, 153043502, 153043503, NULL, 'SEBASTIEN', 'CHERON', '4ef2c377ffd27c30bf7e75251fb527ebff3a75ab', 'saintpierrot@gmail.com', NULL, '2017-04-29', 0, 0, 'Strasbourg', 67000, 0, 1, '1977-10-13', 0, 'e7c5a0a1e4e9665b15bd6900714c794c982ae230', 0, 1, 1, 75),
(233, 153392535, 153392536, NULL, 'Paul ', 'Domas', 'e9aa25096f40186adaf23dd1c86e2c6b59aabc74', 'paul.domas@wanadoo.fr', NULL, '2017-04-30', 0, 0, 'Strasbourg', 67000, 0, 1, '1997-10-09', 0, '526b256958247fcfe065d6bd6e30a35736eaaba0', 0, 1, 1, 75),
(234, 153415081, 153415083, NULL, 'Karime', 'Boutarfa ', 'abfb1e6f91ed5c41510d69a2ffc268045799c907', 'karimeb77@hotmail.fr', NULL, '2017-04-30', 0, 0, 'Strasbourg', 67000, 0, 1, '1975-02-24', 0, '917e73edaafdf5865320fe3179a5e275faf80425', 0, 1, 1, 75),
(235, 153494196, 153494199, NULL, 'Loic', 'Cavalier', 'df480f32d40b238829d558cacf63e084250da009', 'Loiccavalier@free.fr', NULL, '2017-04-30', 0, 0, 'BRUMATH', 67170, 677140176, 0, '1981-11-09', 0, '0b99ff7f6c1b968880af1b72b0adcdd598b7bbe7', 0, 1, 1, 75),
(236, 153654503, 153654506, NULL, 'Sylvie', 'Pargon', '95d3296475904447833317cff6dcc5819f42f26c', 'sylvie.pargon@laposte.net', NULL, '2017-05-01', 0, 0, 'Strasbourg', 67000, 0, 1, '1962-03-22', 0, 'df1f90ff0fe4ae7301321aeb6e7a1eee36c1b742', 0, 1, 2, 75),
(237, 153806844, 153806845, NULL, 'Sandrine ', 'Rathelot', 'eaf79ec4dc2f19555d692fd0eb27c96ada83ae22', 'sa.rathelot@gmail.com', NULL, '2017-05-01', 0, 0, 'Strasbourg', 67000, 0, 1, '1967-06-26', 0, 'a7a3bb12fad62b987e452c2db9cea52c8ba63aea', 0, 1, 2, 75),
(238, 154049350, 154049351, NULL, 'Locif ', 'Benmebarek ', '79cf73d65eec5a6a44e06829f8fadffabd09ce9a', 'locifbenmebarek@hotmail.com', NULL, '2017-05-02', 0, 0, 'Strasbourg', 67000, 0, 1, '1987-12-21', 0, '5d78ab69471b73ccc76fed7a3a2dac3874879900', 0, 1, 1, 75),
(239, 154374857, 154374860, NULL, 'Maureen', 'Berger', 'd85c6878b07bddb1491d582803324c4c1bfb0d39', 'maureenberger16@gmail.com', NULL, '2017-05-03', 0, 0, 'Strasbourg', 67000, 0, 1, '1994-11-16', 0, '3b632bb860eeb56f96c54d17140568c311168081', 0, 1, 2, 75),
(240, 154405183, 154405184, NULL, 'aNTHONY', 'BARON', '5540ed739887dc25b97df7f6a6591a60a92b557f', 'tonesmtb@gmail.com', NULL, '2017-05-03', 0, 0, 'Strasbourg', 67000, 0, 1, '1976-07-27', 0, '7a90024576c1f4e85fa4851fb02853368e133e76', 0, 1, 1, 75),
(241, 154435581, 154435584, NULL, 'adrien', 'ronez', 'aedf8a7f530ef4c5d6bd565c3724c9cf51e6b5d6', 'adrien_ronez@yahoo.fr', NULL, '2017-05-03', 0, 0, 'Strasbourg', 67000, 0, 1, '1984-03-04', 0, 'a15c563d2581f7e8c1b92dad05d9f9ad0a658bf3', 0, 1, 1, 75),
(242, 155488157, 155488160, NULL, 'Mélanie', 'Allain', 'fefc4df49244486244b6888ebee293827e28e4ef', 'm.allain19@yahoo.fr', NULL, '2017-05-05', 0, 0, 'Vannes', 56000, 688353209, 0, '1993-01-19', 0, 'e0673edd0cf51f8b556b949e0812962755dc52a3', 0, 1, 2, 75),
(243, 155560492, 155560498, NULL, 'fabienne', 'mayer', '612357a648c3f8b4c8a298e5f4fead0481ec341b', 'fabienne.mayer@wanadoo.fr', NULL, '2017-05-05', 0, 0, 'Strasbourg', 67000, 0, 1, '1950-06-01', 0, '0d68db5acb5c9526600cfe16c27e168f4d0e9023', 0, 1, 2, 75),
(244, 155579974, 155579977, NULL, 'Marc', 'LIGNIER', 'e54fcccb8d5be92d1931201d6874c689a16d8db4', 'marc.lignier@indesit.com', NULL, '2017-05-05', 0, 0, 'Strasbourg', 67000, 0, 1, '1966-05-22', 0, '1bcf0cb3c441215aedb427733491a9daea28f1ef', 0, 1, 1, 75),
(245, 155688622, 155688623, NULL, 'JACQUES', 'COUTURIER', 'd5bde3d8816b35045134cd1a017370603b342bed', 'jacoutu@orange.fr', NULL, '2017-05-05', 0, 0, 'Strasbourg', 67000, 0, 1, '1948-12-15', 0, '910e52679e278c2d62e04e3e62bcb8f30de753e9', 0, 1, 1, 75),
(246, 155936740, 155936743, NULL, 'Vanessa', 'Sorlet', 'e419230abb1ab43c186993ea8b9bda8adb781801', 'vanessa1005@hotmail.fr', NULL, '2017-05-06', 0, 0, 'Strasbourg', 67000, 0, 1, '1990-05-10', 0, '1fe53bd355b03197d46cb7e62d6206f299b74edf', 0, 1, 2, 75),
(247, 156013357, 156013358, NULL, 'Julien', 'Poulailleau', 'b8aa479655f458b1bffc791d93512ee111474bf9', 'julien.poulailleau@gmail.com', NULL, '2017-05-06', 0, 0, 'Strasbourg', 67000, 0, 1, '1991-12-21', 0, '0f39b47bb3a1793b7a9bcc3d3661181c322ad70e', 0, 1, 1, 75),
(248, 0, 0, '10155331250952891', 'Arnaud', 'Wilczynski', NULL, 'arnaud.wilczynski@gmail.com', NULL, '2017-05-06', 0, 0, 'Strasbourg', 67000, 0, 1, '1970-01-01', 0, 'bfa70a00c87bc38fa7d8e3af3c9e3cefd2d9b3c4', 0, 1, 1, 75),
(249, 156525867, 156525868, NULL, 'Simon', 'Lebel', 'cf53c2d10047ea4d8d6b2c95d169a18a9ede6e7a', 'simon.lebel@gmail.com', NULL, '2017-05-08', 0, 0, 'Strasbourg', 67000, 0, 1, '1986-02-28', 0, '281ae0d4d05476c3968c6061b765a12920d669ff', 0, 1, 1, 75),
(250, 0, 0, '10213380702540850', 'Jose', 'Benichou', NULL, 'josealfonsi132084@gmail.com', NULL, '2017-05-08', 0, 0, 'Strasbourg', 67000, 0, 1, '1970-01-01', 0, '30fbda953c206c7e1974ab07ce307a3597cafa66', 0, 1, 1, 75),
(251, 157023853, 157023854, NULL, 'Olga', 'Becker', '72c68851479f68c9b8cd5cf79716ee8848f636f6', 'alno.olga@gmail.com', NULL, '2017-05-09', 0, 0, 'Strasbourg', 67000, 0, 1, '1969-02-15', 0, 'cbf32cda2ea73e79af51d2dfaf6d665f52ea7b6b', 0, 1, 2, 75),
(252, 0, 0, '10154277615357315', 'Emmanuel', 'Nosel', NULL, 'nosel.e@gmail.com', NULL, '2017-05-09', 0, 0, 'Strasbourg', 67000, 0, 1, '1970-01-01', 0, 'a92e793d1c9e6f304c656c021dd128a3d6243bf1', 0, 1, 1, 75),
(253, 157186181, 157186183, NULL, 'Yacine', 'Baoud', 'adfeb7e51ce242cfada35c8b278c38d583bb19bd', 'baoud.yacine@gmail.com', NULL, '2017-05-09', 0, 0, 'Strasbourg', 67000, 0, 1, '1971-11-02', 0, '457c06a50153a175e1da618d702f704287e2384b', 0, 1, 1, 75),
(254, 157194240, 157194241, NULL, 'Laurent', 'Weinberg', 'be17e00490cab86d5003a75849ac702fa2de8e32', 'laurent.weinberg@hec.edu', NULL, '2017-05-09', 0, 0, 'Strasbourg', 67000, 0, 1, '1990-08-18', 0, '2f72afe51cf8deeb72e892454e0775c3edba2c5b', 0, 1, 1, 75),
(255, 157433689, 157433690, NULL, 'vera', 'bossiak', 'ffaaafbdee1de041310096e1ff171618a2049f6e', 'vera@augusteetlouise.com', NULL, '2017-05-10', 0, 0, 'Strasbourg', 67000, 0, 1, '1988-10-26', 0, '056b7d5944841d15a43f7bee281d9a70b81f65c9', 0, 1, 2, 75),
(256, 157434218, 157434221, NULL, 'charlotte', 'dieutre', '6fc29f7a219fb12f341e483c948ecc262af8247f', 'charlottedieutre@gmail.com', NULL, '2017-05-10', 0, 0, 'Strasbourg', 67000, 0, 1, '1973-05-14', 0, 'de15e0a61f01bc684b74090bdf0b05a99fcaa048', 0, 1, 2, 75),
(257, 0, 0, '1884406531837300', 'Festypomme', 'Amandine', NULL, 'vermignon.a@gmail.com', NULL, '2017-05-11', 0, 0, 'Strasbourg', 67000, 0, 1, '1970-01-01', 0, 'b2e2fe1e7d7bbeeeea6c90a737d07ec0a2663f6c', 0, 1, 2, 75),
(258, 0, 0, '1615323415152970', 'Matthieu', 'Barras', NULL, 'babar.62@gmx.fr', NULL, '2017-05-11', 0, 0, 'Strasbourg', 67000, 0, 1, '1970-01-01', 0, '9c49bfab06ae7df47c4cae876a3544a34b9bc2f6', 0, 1, 1, 75),
(259, 158047957, 158047960, NULL, 'Mathieu', 'HACHEMKHANI', 'dbf1471a0a386d602a33d11fa7d7a92fa0327daa', 'hachemkhani.mathieu@gmail.com', NULL, '2017-05-11', 0, 0, 'Strasbourg', 67000, 0, 1, '1987-05-15', 0, 'd72564264c4a41f2b363f4d551423585021da676', 0, 1, 1, 75),
(260, 158437763, 158437764, NULL, 'Dabo', 'Wane', '806612dc0ad448881834a3c8cfe018c4e72adb3a', 'wanedabo@yahoo.fr', NULL, '2017-05-12', 0, 0, 'Strasbourg', 67000, 0, 1, '1981-12-21', 0, '2723ab81dd1619f64bfc0e144e941bbc6b0c65c6', 0, 1, 2, 75),
(261, 158467354, 158467355, NULL, 'FRANCOISE', 'DROTHIERE', '329341d6999b8d24d5394646dc2e686e169a5ed7', 'francoise.d0367@yahoo.fr', NULL, '2017-05-12', 0, 0, 'Strasbourg', 67000, 0, 1, '1967-03-09', 0, '326d3379bce32ad33582dcf9f2db6542762cb782', 0, 1, 2, 75),
(262, 158507085, 158507086, NULL, 'Clementine', 'Sonnic ', 'd2be1c7357bb1c4a631bf0c27d90dea310ddc969', 'sonnic.clementine@gmail.com', NULL, '2017-05-12', 0, 0, 'Strasbourg', 67000, 0, 1, '1996-07-13', 0, '150cf939f05b9800c42cc83ee48e306b60857464', 0, 1, 2, 75),
(263, 158779515, 158779518, NULL, 'Jean-michel ', 'Eberle', 'bfede01ec9acce75f5443bdb284dff4b4d9186b1', 'jm.eberle@club-internet.fr', NULL, '2017-05-12', 0, 0, 'Strasbourg', 67000, 0, 1, '1960-03-27', 0, '0c699cf941e1da486ed63f377fadf39aa19bd683', 0, 1, 1, 75),
(264, 0, 0, '1607902545900736', 'Sabah', 'Ahme', NULL, 'sabahdoudou@hotmail.com', NULL, '2017-05-13', 0, 0, 'Strasbourg', 67000, 0, 1, '1970-01-01', 0, '77fe9cf3f0644290847ef0546ce35a3394916067', 0, 1, 2, 75),
(265, 159009139, 159009142, NULL, 'Abdulmalik ', 'Faizi', '6c91f44c713be77932ff50c854fee7e442150401', 'faizi68@live.fr', NULL, '2017-05-13', 0, 0, 'Strasbourg', 67000, 0, 1, '1992-08-26', 0, 'c80f9271a19e75473bec75948060d1b2133192a5', 0, 1, 1, 75),
(266, 0, 0, '906014879541744', 'Colin', 'Waurzyniak', NULL, 'coniak@gmail.com', NULL, '2017-05-13', 0, 0, 'Strasbourg', 67000, 0, 1, '1970-01-01', 0, '08d50f4fb1dc27f9c3aef427e64cee07920badca', 0, 1, 1, 75),
(267, 0, 0, '10155340023346803', 'Philippe', 'Bernard', NULL, 'bernoul@wanadoo.fr', NULL, '2017-05-13', 0, 0, 'Strasbourg', 67000, 0, 1, '1970-01-01', 0, '9995792405b68f50dff3ed4264b2f70f78e3ce2a', 0, 1, 1, 75),
(268, 159078771, 159078774, NULL, 'Eléa', 'Herbaut', 'c3992470cfb4b630e3126008d6cf69b61bd7fc29', 'elea.herbaut@gmail.com', NULL, '2017-05-13', 0, 0, 'Strasbourg', 67000, 0, 1, '1992-07-08', 0, '9e43612d922a182ab0b77c00b82edee341150b8b', 0, 1, 2, 75),
(269, 159184396, 159184397, NULL, 'Kelly ', 'Jean', '94cd28e2cda957c7d355650fdacd7158819af39d', 'Kellu.jean78000@gmail.com', NULL, '2017-05-14', 0, 0, 'Strasbourg', 67000, 0, 1, '1990-07-22', 0, '1d1b0f7bdc8b1d2f5feb1feb449e5ffbcd6d295f', 0, 1, 2, 75),
(270, 159234950, 159234953, NULL, 'SAID', 'MAZARI', 'cb217ae1ac540b88f5420d4556b91a361b38b56e', 'mazari2012@yahoo.fr', NULL, '2017-05-14', 0, 0, 'Strasbourg', 67000, 0, 1, '1969-08-25', 0, '2bea2b61580406a2f0ba0112db49ab95ca303b05', 0, 1, 1, 75),
(271, 159322562, 159322563, NULL, 'Nicolas', 'Boucher', 'eb27528ef190e0713e299d0982780ee0c3108615', 'boucher.nicolas@gmail.com', NULL, '2017-05-14', 0, 0, 'Strasbourg', 67000, 0, 1, '1976-05-10', 0, '69ba5534c9d8465d640386504385376642a65186', 0, 1, 1, 75),
(272, 159416067, 159416068, NULL, 'ivan', 'ivry', 'fab93da6a7ca48a35859fd261ead2936e57d9c35', 'vaniaa@hotmail.fr', NULL, '2017-05-14', 0, 0, 'Strasbourg', 67000, 0, 1, '1981-07-02', 0, '155808f4c910e3e21be176c21f4a295cc48bb537', 0, 1, 1, 75),
(273, 159508591, 159508592, NULL, 'Virginie', 'Sarrau', '5823b9798588bfc362e4720c0c7ebb7ad95cb69b', 'sarrau.virginie@gmail.com', NULL, '2017-05-15', 0, 0, 'Strasbourg', 67000, 0, 1, '1965-05-14', 0, '0936749902afe5fe84c173d1670252393f6bc85d', 0, 1, 2, 75),
(274, 159513603, 159513604, NULL, 'Yann', 'Toublanc', '649c0ba7be2fb97e59116238a922973bef7b3e2c', 'all.white.y@gmail.com', NULL, '2017-05-15', 0, 0, 'Strasbourg', 67000, 0, 1, '1990-01-06', 0, 'b65c4d82b7fc1e9c0d92671fb66eb76ea01a5bcd', 0, 1, 1, 75),
(275, 159791139, 159791145, NULL, 'Abdou ', 'Diallo ', 'c56c19e9033b53f90c50fba947b099d7b86247b9', 'ddilo93@yahoo.fr', NULL, '2017-05-15', 0, 0, 'Strasbourg', 67000, 0, 1, '1977-10-06', 0, '35d4cfb6bc1e2dfec481bbe9039cc7fb15e50ed5', 0, 1, 1, 75),
(276, 159879202, 159879203, NULL, 'Sylvain', 'Juillard ', '80a84ef853dc58c783aa6bc4d0338a5fde24c17a', 'jacquelinejuillard@hotmail.fr', NULL, '2017-05-16', 0, 0, 'Strasbourg', 67000, 0, 1, '1978-06-16', 0, 'f5d054b3852e32197852c12aa2a355a2238f72aa', 0, 1, 1, 75),
(277, 159964922, 159964924, NULL, 'sophie', 'lauth', '2343b062d31ae1c9540b6fcfb3d92ff2054b1aaa', 'sophie.lauth@gmail.com', NULL, '2017-05-16', 0, 0, 'Strasbourg', 67000, 0, 1, '1985-02-19', 0, '03f01f4d5e3e91567c9a4cdadd09eb522eb9c266', 0, 1, 2, 75),
(278, 160001378, 160001379, NULL, 'Fabrice', 'Ribeiro', 'ec699f605be03927b221a18bc838736c2f481388', 'fribeiro@ferrandi-paris.fr', NULL, '2017-05-16', 0, 0, 'Strasbourg', 67000, 0, 1, '1979-11-18', 0, 'b79acdd379b82555d5a5e73d14fdb14b17a21f1a', 0, 1, 1, 75),
(279, 0, 0, '1396878970392145', 'Ludo', 'Barilla Otb', NULL, 'reck1n_77@hotmail.fr', NULL, '2017-05-16', 0, 0, 'Strasbourg', 67000, 0, 1, '1970-01-01', 0, '7209937ddd8f201e2bd95391520685830539e0db', 0, 1, 1, 75),
(280, 160122391, 160122392, NULL, 'Yoann', 'Canovas', 'e78f86bebb42503ec25e3adafbd4f8aedc589706', 'yoann.Canovas2@gmail.Com', NULL, '2017-05-16', 0, 0, 'Strasbourg', 67000, 0, 1, '1993-09-20', 0, 'c55250d94d6a95af89a6399eff4dbe42027451c3', 0, 1, 1, 75),
(281, 160173394, 160173395, NULL, 'Mathilde', 'Gaudéchoux', 'e19d2ae12a9b944f84b6e9d8f86912ed66ac417a', 'mgaudechoux@lefigaro.fr', NULL, '2017-05-16', 0, 0, 'Strasbourg', 67000, 0, 1, '1986-09-25', 0, '539006c0b3ebd5ffb1f14c4ac6d425d75a92e4a8', 0, 1, 2, 75),
(282, 160240489, 160240491, NULL, 'Chloé', 'Grossetete', '49d18fc3af3df14f05e4e34599264125c27b9667', 'chloegrossetete@gmail.com', NULL, '2017-05-16', 0, 0, 'Strasbourg', 67000, 0, 1, '1991-06-10', 0, 'bb2ca014f77cbc620dfad9f60450c9972d2055c0', 0, 1, 2, 75),
(283, 160259171, 160259172, NULL, 'Loubna ', 'Farid', '03b66aa46e543584fefa2970e9fad61b8f865b0e', 'a.tous@hotmail.fr', NULL, '2017-05-16', 0, 0, 'Strasbourg', 67000, 0, 1, '1986-01-01', 0, '0085ca33210c1dba06b45761f037ab8b6a338cdb', 0, 1, 2, 75),
(284, 160280090, 160280093, NULL, 'David', 'Suedile', 'a1878b7d7c81f00dcd19331edfdfa86942870c76', 'suedile.david@gmail.com', NULL, '2017-05-16', 0, 0, 'Strasbourg', 67000, 0, 1, '1994-05-18', 0, '17b2227d4821411f39a4af0edbef7ad2f91c37b9', 0, 1, 1, 75),
(285, 160296544, 160296545, NULL, 'Simon', 'Kerdudou', 'a143f52eee113f83026f6264069615c07f14503c', 'simon.kerdudou@hotmail.fr', NULL, '2017-05-17', 0, 0, 'Strasbourg', 67000, 0, 1, '1989-04-18', 0, 'ff42fecd3fa919db26edf4526cada233d1b46f8b', 0, 1, 1, 75),
(286, 160336926, 160336927, NULL, 'Loïc', 'Frayssinet', '085efab98f3d283c0873c368a136185ebc01f668', 'lo_fray@hotmail.com', NULL, '2017-05-17', 0, 0, 'Strasbourg', 67000, 0, 1, '1991-07-08', 0, 'a26a442cdadef636c09e4d26cc7bb34754d80139', 0, 1, 1, 75),
(287, 160460770, 160460773, NULL, 'Daniele', 'Franco', '75bafb3f80584ce12bc5800872be7fba6ce3afb6', 'dan.franco@orange.fr', NULL, '2017-05-17', 0, 0, 'Paris', 75020, 608941322, 0, '1980-06-25', 0, 'a5067566b59f9d57835d9f0c3e8fcee883b0dd16', 0, 1, 1, 75),
(288, 160486994, 160486995, NULL, 'Ruben', 'Ayache', 'c62e776d86f9c6d90bd49cc4a22140eef527bada', 'vanderhorstruben68@gmail.com', NULL, '2017-05-17', 0, 0, 'Strasbourg', 67000, 0, 1, '1997-09-02', 0, '4fe711baa89621e989aa2a0c858418627cdd2fdd', 0, 1, 1, 75),
(289, 160501015, 160501018, NULL, 'thibault', 'gabez', '0880863af587adadf38815c6a1a295529d7d5c0c', 'thibault.gabez@paris.fr', NULL, '2017-05-17', 0, 0, 'Strasbourg', 67000, 0, 1, '1984-08-15', 0, 'd2eeb6792d3bfa0dab62c53a269af70b3043b246', 0, 1, 1, 75),
(290, 160623078, 160623079, NULL, 'Hélène', 'Leherpeur', '3cafc9448c01cfc6660cf87f5c61793fff93b7d9', 'helene.leherpeur@gmail.com', NULL, '2017-05-17', 0, 0, 'Strasbourg', 67000, 0, 1, '1993-05-27', 0, 'e5a9e46d7e89a199ff8ae63e9d5740f18a4914be', 0, 1, 2, 75),
(291, 160777162, 160777163, NULL, 'corinne', 'vulliez', 'd4b4f0b8758829ca36d37bb3a1c8c6e30997df3d', 'cvcvulliez@hotmail.com', NULL, '2017-05-18', 0, 0, 'Strasbourg', 67000, 0, 1, '1998-03-25', 0, 'aabe01299f0709c7b435622ec5b16d68b31b5a6d', 0, 1, 2, 75),
(292, 160836383, 160836384, NULL, 'Florent', 'CHIFFOLEAU ', 'ec60c07cde815df2c955de83ee6c87937cf39033', 'flojgab@hotmail.fr', NULL, '2017-05-18', 0, 0, 'Strasbourg', 67000, 0, 1, '1986-02-01', 0, '69481abf77400e4459d4ca6cc746afae25ad0c94', 0, 1, 1, 75),
(293, 160959061, 160959062, NULL, 'calogero', 'LO GIUDICE', 'cd28f66c7d1aea496158cc0f6b0611ac8e2ad390', 'calogero.lg@free.fr', NULL, '2017-05-18', 0, 0, 'Strasbourg', 67000, 0, 1, '1971-04-22', 0, '50a4f4e18636c7a76c6610b5dff1f8b124880ad5', 0, 1, 1, 75),
(294, 161037322, 161037323, NULL, 'Otman', 'Belkacem', '6b5882db987ab07200c534d97902df14d981af91', 'hot_man76@hotmail.fr', NULL, '2017-05-18', 0, 0, 'Illkirch', 67400, 642266987, 0, '1987-04-09', 0, '1fe962aa815e4ca7636bb6471a29e4ced546ee0a', 0, 1, 1, 75),
(295, 161182392, 161182398, NULL, 'Pao', 'Laporte', 'c9bf79681baa420f935adca036affaeed70643bc', 'pao-83@hotmail.fr', NULL, '2017-05-18', 0, 0, 'Strasbourg', 67000, 0, 1, '1995-04-24', 0, 'b6806966e314d5592c67364ca66a13b90481f338', 0, 1, 2, 75),
(296, 161202964, 161202965, NULL, 'Chriss', 'Gether ', '2f85e9e9cbdb81c901fc12a4b6ad20d6b0a4c941', 'gentianechriss@hotmail.fr', NULL, '2017-05-18', 0, 0, 'Strasbourg', 67000, 0, 1, '1969-02-03', 0, 'b0896983768c4592a7675e7de63ade89b8467cc4', 0, 1, 2, 75),
(297, 161301580, 161301581, NULL, 'Agathe ', 'Lapeyre', '4d13fcc6eda389d4d679602171e11593eadae9b9', 'agathe.lapeyre@yahoo.com', NULL, '2017-05-19', 0, 0, 'Strasbourg', 67000, 0, 1, '1990-03-15', 0, '53056643ba97011db90244956e9ce5480496c19f', 0, 1, 2, 75),
(298, 161383298, 161383303, NULL, 'corinne', 'tarouco', 'aa4b462564f10cb062ae5fa545df0211a55594be', 'lamisscoco9@gmail.com', NULL, '2017-05-19', 0, 0, 'Strasbourg', 67000, 0, 1, '1970-08-26', 0, '6464e70dad943543e512790ebb04e15b80ad31fe', 0, 1, 2, 75),
(299, 161465952, 161465953, NULL, 'Yoann', 'Pinault', 'b553c581fa38fd5ba8c7edba5905031f81604c0a', 'tidus155@hotmail.com', NULL, '2017-05-19', 0, 0, 'Strasbourg', 67000, 0, 1, '1983-03-30', 0, '222f601bcf29f8ca5f45da3e8840ea0afca2b99a', 0, 1, 1, 75),
(300, 161491321, 161491322, NULL, 'Jean Philippe', 'Laroche', 'ba95dc3237d413f6fd760898bcdb5460d65115c6', 'Jeanphilippelaroche@orange.fr', NULL, '2017-05-19', 0, 0, 'Strasbourg', 67000, 0, 1, '1963-11-16', 0, 'e719f14f15d42054474b64ea571162ad4241d04c', 0, 1, 1, 75),
(301, 161527593, 161527594, NULL, 'moustic', 'multi', '275fc680c9f13f5b91758d9eaa1e646fc058c22a', 'mousticmulti@gmail.com', NULL, '2017-05-19', 0, 0, 'Strasbourg', 67000, 0, 1, '1996-12-11', 0, '125b84d29da942a4ba41715145a21e113a82044c', 0, 1, 1, 75),
(302, 0, 0, '1904997073122815', 'Ryad', 'Gharbi', NULL, 'algeryad91@yahoo.fr', NULL, '2017-05-19', 0, 0, 'Strasbourg', 67000, 0, 1, '1970-01-01', 0, 'a3c14ae3b8dc63683114bbd67543ebc144940079', 0, 1, 1, 75),
(303, 161790584, 161790585, NULL, 'Benoist', 'Mercier de Beaurouvre', '84802da847df6bacd9299efa5ee256329b2bddb7', 'benoitm2b@yahoo.fr', NULL, '2017-05-20', 0, 0, 'Strasbourg', 67000, 0, 1, '1997-07-19', 0, '3885a3c9db974d68bad0ead98d6bf6b515a7c37b', 0, 1, 1, 75),
(304, 161848902, 161848903, NULL, 'Marion', 'Badin', '80a84ef853dc58c783aa6bc4d0338a5fde24c17a', 'mar.badin@gmail.com', NULL, '2017-05-20', 0, 0, 'Strasbourg', 67000, 0, 1, '1985-10-22', 0, 'b16cd7ef182fedfd6bc0585d465ce48cab2e21a9', 0, 1, 2, 75),
(305, 161922923, 161922929, NULL, 'Sofiane ', 'Bendikha ', '3f2f4ac9c1472c1eab1b800a45d7b308c6c342ca', 'sofiane_3047@hotmail.fr', NULL, '2017-05-20', 0, 0, 'Strasbourg', 67000, 0, 1, '1986-06-12', 0, 'aec0b2f10c60c8c191ab12a2283ff3701de12914', 0, 1, 1, 75),
(306, 162037957, 162037958, NULL, 'REYNALD', 'FLECHAUX', 'c8b16d85c02ad9e6beaa792213c297698f29d41b', 'rflechaux@gmail.com', NULL, '2017-05-20', 0, 0, 'Strasbourg', 67000, 0, 1, '1973-05-27', 0, '16e0794a8ccf7025615255cc355cee5b2b55e921', 0, 1, 1, 75),
(307, 162142732, 162142733, NULL, 'Angelique', 'Anastacio', '1706934abb0b33a02c947a09d03febb151e998f6', 'angelique-anastacio@hotmail.fr', NULL, '2017-05-20', 0, 0, 'Strasbourg', 67000, 0, 1, '1985-05-11', 0, '15bedce3a13ee01c2f8d9ce3c8ca3defcc05dc71', 0, 1, 2, 75),
(308, 162192835, 162192836, NULL, 'Benjamin ', 'leiba ', '672af23a747dbf13e6074e641d9dd7f815a40f34', 'benjamin.leiba@gmail.com', NULL, '2017-05-21', 0, 0, 'Strasbourg', 67000, 0, 1, '1986-10-24', 0, 'c71ee552018f9e0c0b21d077f96ca59f60140e4e', 0, 1, 1, 75),
(309, 162197055, 162197056, NULL, 'Lily', 'Legai', '30db2f267170403f4c5ee3bd5eb7714d1e26c9aa', 'lily.legai@live.fr', NULL, '2017-05-21', 0, 0, 'Strasbourg', 67000, 0, 1, '1980-07-17', 0, '223400be34187a4a352d8a6d87c73f8dea65ea35', 0, 1, 2, 75),
(310, 162256254, 162256256, NULL, 'Senay ', 'Candan ', 'e30af4dd375bfac93d0792167690f8e22f716a85', 'candansenay0@gmail.com', NULL, '2017-05-21', 0, 0, 'Strasbourg', 67000, 0, 1, '1998-11-21', 0, 'ed21280e3d8b5690c602af61a3909e4220ffa641', 0, 1, 2, 75),
(311, 162267095, 162267096, NULL, 'Sahbia', 'Ben Rhouma', '34dc0b87d428106a18aa83a504ac3d3ffe0a4379', 'sahbia_93@hotmail.fr', NULL, '2017-05-21', 0, 0, 'Strasbourg', 67000, 0, 1, '1993-12-30', 0, 'f38a04677196c14791a2ce8ca19be007ef932813', 0, 1, 2, 75),
(312, 0, 0, '10154284076703239', 'Camille', 'Berthet', NULL, 'milkadoo@hotmail.fr', NULL, '2017-05-21', 0, 0, 'Strasbourg', 67000, 0, 1, '1970-01-01', 0, 'cc11f9845f79c3833a14339dc3eb61804a45f08e', 0, 1, 2, 75),
(313, 162302433, 162302435, NULL, 'Jean', 'Baldeck', 'b019b15662d5d466bbb349cd75e2867080a6a206', 'jeanbaldeck1@gmail.com', NULL, '2017-05-21', 0, 0, 'Strasbourg', 67000, 0, 1, '1992-07-13', 0, 'c6b82364a388c6f977ddb00c9a29398f1f381ae0', 0, 1, 1, 75),
(314, 162460268, 162460269, NULL, 'Sylvain', 'Delmaestro', '3cb0a8cf8d0dbb6e2ad2ccbf3be743587c649fbd', 'sylvano95@orange.fr', NULL, '2017-05-22', 0, 0, 'Strasbourg', 67000, 0, 1, '1980-09-14', 0, '8b1009c490d71d4ba4f55ef0110270cf609cc016', 0, 1, 1, 75),
(315, 162515346, 162515347, NULL, 'Evélyne', 'SCAPPATICCI', '0531d36d0b9363e3343a223e60533c7a2b6b932c', 'sc.evelyne@gmail.com', NULL, '2017-05-22', 0, 0, 'Strasbourg', 67000, 0, 1, '1958-08-30', 0, '7a7a206eb24195bba7f41db90466e3739859ce61', 0, 1, 2, 75),
(316, 162518779, 162518786, NULL, 'Matthieu', 'Beguin Billecocq', '49629a8da320e27c79edc692c3f8a34f9d6bb737', 'matthbb@hotmail.com', NULL, '2017-05-22', 0, 0, 'Strasbourg', 67000, 0, 1, '1987-02-24', 0, '9a071736a60a17fea02a999de452378958def421', 0, 1, 1, 75),
(317, 162535201, 162535206, NULL, 'Matthieu', 'Combe', 'a2d62e4b5bf4dd663f3d5fc5f2501d9eadfae6df', 'matthieu.combe@natura-sciences.com', NULL, '2017-05-22', 0, 0, 'Strasbourg', 67000, 0, 1, '1985-12-01', 0, '598498809ea61c2dfab4478b4a37e4f892069958', 0, 1, 1, 75),
(318, 162604772, 162604775, NULL, 'noemie', 'ehret', '6fc84c0ea3351b1e25c51808f0162f95ce43cfad', 'nono.ehret@gmail.com', NULL, '2017-05-22', 0, 0, 'Strasbourg', 67000, 0, 1, '1986-12-12', 0, 'eca9d7ea9efa9ba5ec897d6df797f2cca079156b', 0, 1, 2, 75),
(319, 162628959, 162628960, NULL, 'Helene', 'LLOPIS', '325ecee4e6ecde05f5eb4254ac54e3ca6732bfa9', 'helene.llopis@gmail.com', NULL, '2017-05-22', 0, 0, 'Strasbourg', 67000, 0, 1, '1988-04-30', 0, '002a607fbd10815fd65b5a92301ff5a40684b4ad', 0, 1, 2, 75),
(320, 162649410, 162649411, NULL, 'Michel', 'MAILLARD', 'b3004d12e1f8dc50d8a93c465efeb4231be2778a', 'contact@mj-maillard.com', NULL, '2017-05-22', 0, 0, 'Strasbourg', 67000, 0, 1, '1954-04-01', 0, 'a8e2586efc66688869dea3eae872fde137b3bf09', 0, 1, 1, 75),
(321, 162654788, 162654792, NULL, 'Jeanie', 'Muredda', '4c43e605150a8c1f7b5d2109f5ea52dbf07bf154', 'jeanie.muredda@yahoo.fr', NULL, '2017-05-22', 0, 0, 'Strasbourg', 67000, 0, 1, '1984-04-11', 0, 'e183cc5e52a4a4bc39b772260481c025c06483db', 0, 1, 2, 75),
(322, 162719590, 162719591, NULL, 'Holden', 'RASAMUELSON', 'f15e92463cec3b2fbd312cd66e978138466c2692', 'sprintax@yahoo.fr', NULL, '2017-05-22', 0, 0, 'Strasbourg', 67000, 0, 1, '1976-10-13', 0, 'deef6522c57cc1688ac5f02915305cd37d371b17', 0, 1, 1, 75),
(323, 0, 0, '10210805875001436', 'Jerome', 'Dje', NULL, 'jghera@hotmail.fr', NULL, '2017-05-22', 0, 0, 'Strasbourg', 67000, 0, 1, '1970-01-01', 0, 'bc2c92a37b76884b8c7cbce9371cd083e61fb94e', 0, 1, 1, 75),
(324, 162818925, 162818929, NULL, 'dominique', 'GUILLET M.', '3528218d0204ab9d3f11cf009856decbe4c2afcb', 'dmg@anjounet.com', NULL, '2017-05-22', 0, 0, 'Strasbourg', 67000, 0, 1, '1962-07-02', 0, '13825564051e0da8b1799a5347ee870264c65303', 0, 1, 1, 75),
(325, 162861816, 162861817, NULL, 'Mohamed', 'Doukoure', '7fb82979857052e7781057577c53cfda41851fd7', 'molotov750144@hotmail.fr', NULL, '2017-05-23', 0, 0, 'Strasbourg', 67000, 0, 1, '1998-12-24', 0, 'ff5849790bdc6044818f8df0c12213d870c1ad52', 0, 1, 1, 75),
(326, 162863426, 162863427, NULL, 'jean christophe', 'GOFFART', '4ad91a6c3c148d181428e09e691edcd316621ad1', 'jc.goffart@numericable.fr', NULL, '2017-05-23', 0, 0, 'Strasbourg', 67000, 0, 1, '1962-06-14', 0, '2ddcdb0b2ac1ad5d2ff9cece06210776638179de', 0, 1, 1, 75),
(327, 163000757, 163000762, NULL, 'Béatrix', 'FLIS ', '03b9e6c70f169485a4cd92e22393a91c2353e1f5', 'flis.beatrix@gmail.com', NULL, '2017-05-23', 0, 0, 'SAINT ETIENNE', 42100, 670286590, 0, '1954-08-30', 0, '9a37d0840c43db34c5536ae2706322eb14acbe77', 0, 1, 2, 75),
(328, 163018814, 163018815, NULL, 'Céline', 'Delannoy', '379477043d2167554e69863511117aa185fa3ffb', 'c.linedelannoy@gmail.com', NULL, '2017-05-23', 0, 0, 'Strasbourg', 67000, 0, 1, '1990-12-19', 0, '6070899da5ef5e49012961009743371df491cb55', 0, 1, 2, 75),
(329, 163040616, 163040617, NULL, 'Séverine', 'Grosjean', '1b5310fcbf268a6ba9407a328f7e31c22cf56333', 'sevgrosjean@hotmail.com', NULL, '2017-05-23', 0, 0, 'Strasbourg', 67000, 0, 1, '1976-12-22', 0, '582f6a0f8e829b4e65ac47aa17375e02a20d1012', 0, 1, 2, 75),
(330, 163050258, 163050259, NULL, 'Maxime', 'PIROT', '5e71fc75948278efcbad0dc65d88dff2315d3cb6', 'maxime.pirot@gmail.com', NULL, '2017-05-23', 0, 0, 'Villeurbanne', 69100, 63293721, 0, '1988-09-19', 0, '67f534a04923df0c6a9f9297a014d086249d336d', 0, 1, 1, 75),
(331, 163075738, 163075739, NULL, 'emmanuel', 'morera ', 'abf70636a2628403c42ca52944aec2241d8bfc1a', 'emmanuelmorera@hotmail.fr', NULL, '2017-05-23', 0, 0, 'Strasbourg', 67000, 0, 1, '1984-04-07', 0, 'f0254880d5ca379ccc57d1f887b2264a9c007b7f', 0, 1, 1, 75),
(332, 163080682, 163080683, NULL, 'ZAHIRA', 'OUATMANI', '3745daeb4652eea823d20972300eaa6401b6a366', 'zahirasxm@gmail.com', NULL, '2017-05-23', 0, 0, 'Strasbourg', 67000, 0, 1, '1968-08-09', 0, '41276d8d4289f240dd3de3e939b1be00f5ac2254', 0, 1, 2, 75),
(333, 163088954, 163088955, NULL, 'patrick', 'bingue', 'b15888100ade3cde36be415d05b2191b182eebe8', 'patric.bingue@hotmail.fr', NULL, '2017-05-23', 0, 0, 'Strasbourg', 67000, 0, 1, '1989-03-14', 0, 'b25caa17e5e064bc8f4817e7f0dc85fbf1193548', 0, 1, 1, 75),
(334, 163165137, 163165138, NULL, 'Serge', 'FRAUENFELDER', '3bb2de1f30de7a41a483f587402c2c788cd6bd94', 'frauenfelder.s@gmail.com', NULL, '2017-05-23', 0, 0, 'Strasbourg', 67000, 0, 1, '1970-02-28', 0, 'c8121e7cd06bb69a6a6b777f229b1d80d5dbd92f', 0, 1, 1, 75),
(335, 163223870, 163223871, NULL, 'Amine', 'Alaoui', '881150d2d4ef90a95d9e1fa51441475a572b686f', 'aminealaoui_7@hotmail.com', NULL, '2017-05-23', 0, 0, 'Strasbourg', 67000, 0, 1, '1988-11-06', 0, 'fb17c51620164058fd0a2a13c0d29bfe457ed5ea', 0, 1, 1, 75),
(336, 163229195, 163229196, NULL, 'Pascal', 'Schneider', '5a067c8ab1a0e1441b51f43dad4654e64943df1d', 'pascalschneider50@gmail.com', NULL, '2017-05-23', 0, 0, 'Strasbourg', 67000, 0, 1, '1964-05-04', 0, '4645ddf5b128f0ff28fa73291f7f49e4fecdff20', 0, 1, 1, 75),
(337, 163327016, 163327017, NULL, 'Stéphane', 'WISSHAUPT', '567b74e851d24643aa9c785dd7022eb37f11c744', 'swsemia@gmail.com', NULL, '2017-05-24', 0, 0, 'Strasbourg', 67000, 0, 1, '1966-01-01', 0, '314e52d2cbe018c61107df28430f4c16d00138e5', 0, 1, 1, 75),
(338, 163358385, 163358386, NULL, 'Sandrine', 'PERARD', '97c8a39d3dea8d6e39f6ca8a4a64e70ad42e2384', 'sandrine.perard33@gmail.com', NULL, '2017-05-24', 0, 0, 'Strasbourg', 67000, 0, 1, '1970-04-08', 0, 'e33670a7ad0f1f25c70d3071ce5634b3ecd103cb', 0, 1, 2, 75),
(339, 163447848, 163447849, NULL, 'Dylan ', 'OUVRARD', 'e426f2e71dc703c3ff53b0605a559a5cf840a85d', '75019dylan.o@gmail.com', NULL, '2017-05-24', 0, 0, 'Strasbourg', 67000, 0, 1, '1992-06-14', 0, '3a32c0b3aa34ece26cceb8880e74e7ad1de6c707', 0, 1, 1, 75),
(340, 0, 0, '10155247377689019', 'Mika', 'Attia', NULL, 'mattia8@yahoo.com', NULL, '2017-05-24', 0, 0, 'Strasbourg', 67000, 0, 1, '1970-01-01', 0, '3ea33a4c736df91a36c0d10c647a5753f91e4525', 0, 1, 1, 75),
(341, 163454250, 163454251, NULL, 'florent', 'sehet', 'ed0a4bdc6fce2ef403083aa5d87528ba6aaeff6d', 'flo.sehet@gmail.com', NULL, '2017-05-24', 0, 0, 'Strasbourg', 67000, 0, 1, '1989-01-18', 0, '9dbc63b9501291292a7815607f8fdadea6b4fe34', 0, 1, 1, 75),
(342, 163628837, 163628839, NULL, 'ANAIS', 'DELAHAYE', 'cd5d9790f024d7fdd189e5992e09ff647ae63797', 'delahayean.pro@gmail.com', NULL, '2017-05-24', 0, 0, 'Strasbourg', 67000, 0, 1, '1993-07-25', 0, '4373e27d594665bc36a113a96d8375d714254ddd', 0, 1, 2, 75),
(343, 163771413, 163771417, NULL, 'Céline', 'Ogier-Blasco', '84596388853985e7abfa841f279a213316aa2eec', 'c.ogier-blasco@skema.edu', NULL, '2017-05-25', 0, 0, 'Strasbourg', 67000, 0, 1, '1988-10-08', 0, '3dd7f1ddfe8d7771f2f79f630e9217050db02f0d', 0, 1, 2, 75),
(344, 163793516, 163793517, NULL, 'Théophile', 'Vanbockstael', '2e210336562834e27f44f076485dd259908affcf', 'tvb@ntymail.com', NULL, '2017-05-25', 0, 0, 'Strasbourg', 67000, 0, 1, '1994-11-19', 0, 'cb73d0abe2fe64c26afd9cca43997aeda1abe923', 0, 1, 1, 75),
(345, 163833503, 163833504, NULL, 'Laurent', 'Calvet', '8a4ebde135ed38647536e1ee7092834d857d4571', 'lcalvet77@gmail.com', NULL, '2017-05-25', 0, 0, 'Strasbourg', 67000, 0, 1, '1965-01-11', 0, '6aa73cf1e20f1f24c510affa2faa337daf640b20', 0, 1, 1, 75),
(346, 0, 0, '262414497559690', 'Célia', 'Osswald', NULL, 'charlivyy@gmail.com', NULL, '2017-05-25', 0, 0, 'Strasbourg', 67000, 0, 1, '1970-01-01', 0, '08ea3d0590926b107420be23f7ffc02640828d5e', 0, 1, 2, 75),
(347, 163870204, 163870205, NULL, 'julien', 'bironne', '086f8547b092497e0a50613175946f0e5f2b4bd5', 'julienbironne@gmail.com', NULL, '2017-05-25', 0, 0, 'Strasbourg', 67000, 0, 1, '1981-01-06', 0, 'a0e998a20c4245e001aea04a3ce12b48bbb3e4d4', 0, 1, 1, 75),
(348, 163888852, 163888853, NULL, 'Djeriba', 'Toure', '9336f00d2da9287ee3dc98558e1338c7f3c5ea5f', 'spyfoxd@hotamail.fr', NULL, '2017-05-25', 0, 0, 'Strasbourg', 67000, 0, 1, '1990-10-19', 0, '919cdde8e77e0e71fd1ba409c85e21e3b566f55b', 0, 1, 1, 75),
(349, 163920173, 163920174, NULL, 'Jean-François', 'Rosso', 'f38b80c7e4ccd4548796d2ea8ed571076f9058dd', 'jfrancois.rosso@gmail.com', NULL, '2017-05-25', 0, 0, 'Strasbourg', 67000, 0, 1, '1994-06-19', 0, 'dfd1ab1ec092d21e3f7cef69a6460a20b42b16cd', 0, 1, 1, 75),
(350, 0, 0, '1682790345364144', 'Alejandro', 'Angeli', NULL, 'paris18bogota@gmail.com', NULL, '2017-05-26', 0, 0, 'Strasbourg', 67000, 0, 1, '1970-01-01', 0, 'efbb5ee63eb4094d1a4e7d5afff52be0f668bac4', 0, 1, 1, 75),
(351, 164132027, 164132028, NULL, 'ludovic', 'Berti', '7df9cec522d25dd5a4cf0e8d94b499f24df3754d', 'ludovic.berti@wanadoo.fr', NULL, '2017-05-26', 0, 0, 'Strasbourg', 67000, 0, 1, '1972-12-26', 0, '4e6678f26489cc1f09ab5cef9de675876b4fbf45', 0, 1, 1, 75),
(352, 164171754, 164171755, NULL, 'Loïc', 'LALBAT', '17322007c1de6fd97e459663497cbdb57d656ba5', 'l.lalbat@free.fr', NULL, '2017-05-26', 0, 0, 'Strasbourg', 67000, 0, 1, '1989-02-22', 0, 'beed48c885add696b18cc5e05b1c0923c9dd215d', 0, 1, 1, 75),
(353, 164173820, 164173821, NULL, 'Flore', 'Joguet', 'f23214c471d1f61c79070e211ebe0ee9e7d95c4c', 'laflorette2000@yahoo.fr', NULL, '2017-05-26', 0, 0, 'Strasbourg', 67000, 0, 1, '1984-03-15', 0, 'df8b5d058d875833eec6695737b4cae85413258a', 0, 1, 2, 75),
(354, 164334163, 164334166, NULL, 'Sophie', 'Rabatel', '020f6c9dac3e570a90939f78f25035515de3c6d6', 'sdesvilles@gmail.com', NULL, '2017-05-26', 0, 0, 'Strasbourg', 67000, 0, 1, '1984-08-11', 0, '8039ffad3b79d446661cbbf2f1e242c0ab5ddf24', 0, 1, 2, 75),
(355, 164402456, 164402457, NULL, 'Nadine', 'PREC', '642956f77ecebeaa8b1a5c956e34fea38a7f61e2', 'laurann_label@hitmail.com', NULL, '2017-05-27', 0, 0, 'Strasbourg', 67000, 0, 1, '1973-05-04', 0, '4c79b66021c310f5d627db461caaad39fbf583d8', 0, 1, 2, 75),
(356, 164434234, 164434236, NULL, 'sandrine', 'DIESSONGO', '83965e56ef02cd00a3e82cf234d1fb819028b35d', 'sandaib.f@hotmail.fr', NULL, '2017-05-27', 0, 0, 'Strasbourg', 67000, 0, 1, '1987-09-02', 0, '04b349781be7163be7e3db6bea28d399c2d2408c', 0, 1, 2, 75),
(357, 164438902, 164438904, NULL, 'Jiri', 'Homola', 'cc03a68532aac57c19208239222807be984a5c78', 'homola.jiri@gmail.com', NULL, '2017-05-27', 0, 0, 'Strasbourg', 67000, 0, 1, '1947-07-31', 0, '36b43addb0639e3f30dc241bac7a7ab5ddd99701', 0, 1, 1, 75),
(358, 164439611, 164439616, '10154925325163171', 'Nils', 'Méchin', '5c6d659c8ee94a451a069330b42f839c08451961', 'nils@nils-m.net', '358aube.jpg', '2017-05-27', 0, 0, 'paris', 75001, 698875412, 1, '1971-04-23', 0, 'd64ee61b53f917878e4d48ba7b6240fcabe4310d', 0, 1, 1, 75),
(359, 164442795, 164442796, NULL, 'dominique', 'cossais', 'b160955311f9e17159efbb25876f479c9648aed0', 'dominique.cossais@gmail.com', NULL, '2017-05-27', 0, 0, 'Strasbourg', 67000, 0, 1, '1971-02-15', 0, '398a34a0481a21eba202bd7fa18a16ced98aba27', 0, 1, 1, 75),
(360, 164468260, 164468262, NULL, 'Corinne', 'Herlin', '7c79629c4014c1027613bff8d8eeba1edf72af53', 'corinne.herlin1@gmail.com', NULL, '2017-05-27', 0, 0, 'Strasbourg', 67000, 0, 1, '1964-07-20', 0, 'fa3352e9db7305f7c204810bf9ae8c9cb8bee44c', 0, 1, 2, 75),
(361, 164495989, 164495990, NULL, 'mail', 'bidon', 'a142b725da8f08ae86e958be9917cd245b818214', 'bidonmail@yopmaill.com', NULL, '2017-05-27', 0, 0, 'Strasbourg', 67000, 0, 1, '1989-04-02', 0, 'd8e027598669049f0b88e67fbddf2ce416f1016e', 0, 1, 2, 75),
(362, 164504821, 164504822, NULL, 'isabelle', 'garnier', 'fc2789a2f2f3303f7322efa51bb5882fe034a321', 'isabelle_garnier@hotmail.fr', NULL, '2017-05-27', 0, 0, 'Strasbourg', 67000, 0, 1, '1965-08-29', 0, 'bd9d96b0d560c711bd4dd9d63872480d5d38dd60', 0, 1, 2, 75),
(363, 164515418, 164515419, NULL, 'Gilles', 'Valet', '4db0c223bd966073d9d42024fddcc14a31071239', 'g.valet@yahoo.fr', NULL, '2017-05-27', 0, 0, 'Strasbourg', 67000, 0, 1, '1964-08-04', 0, 'aeacbbc6e8596045084fedb4309bbf66bc2ea3c2', 0, 1, 1, 75),
(364, 164538955, 164538960, NULL, 'Ilgar', 'Dianati', 'a10e1b037fdc0715f0a8a1bfe01495bdd6cf7d35', 'ilgardianati@gmail.com', NULL, '2017-05-27', 0, 0, 'Strasbourg', 67000, 0, 1, '1988-02-06', 0, 'e7df15938c25a0f2751876f51c1545fc7b24ebfe', 0, 1, 2, 75),
(365, 164641193, 164641196, NULL, 'Florian', 'Culotte ', '71d0e9a8f45427b075bec98966486ce9ee5bdf97', 'culotte.f@gmail.com', NULL, '2017-05-28', 0, 0, 'Strasbourg', 67000, 0, 1, '1994-08-15', 0, 'b1123fccb88dc49ea8dde87ce2f60f83918ba1c2', 0, 1, 1, 75),
(366, 164658306, 164658307, NULL, 'Anny', 'Murith', 'a1159630aaf53d113bee4729617d163797b12a24', 'anny.murith@gmail.com', NULL, '2017-05-28', 0, 0, 'Strasbourg', 67000, 0, 1, '1962-04-20', 0, '00594ccd25c5c65739e04923e298925c01e93cdf', 0, 1, 2, 75),
(367, 0, 0, '10154482487330812', 'Astrid', 'Berthon', NULL, 'astridberthon@gmail.com', NULL, '2017-05-28', 0, 0, 'Strasbourg', 67000, 0, 1, '1970-01-01', 0, '358c6c3155cdf4a208920d218b56d5bd7bc94d0d', 0, 1, 2, 75),
(368, 164909017, 164909018, NULL, 'Bruno', 'Gomes', '223b618d67f4c0b21bebc11586f9e4c2730f8967', 'brunogomes.goog@gmail.com', NULL, '2017-05-29', 0, 0, 'Strasbourg', 67000, 0, 1, '1975-07-11', 0, '9bc251fe1e2ad94aa55aae9364e092e3eec835f5', 0, 1, 1, 75),
(369, 165054369, 165054373, NULL, 'Maelle', 'Rosso', 'b97fa5743cbe70ac2cd59186f21475ba89a0f4db', 'ninissou783@gmail.com', NULL, '2017-05-29', 0, 0, 'Strasbourg', 67000, 0, 1, '1987-04-01', 0, '50f60519f1e2669a27fdbf758fe981ae5fa35944', 0, 1, 2, 75),
(370, 165094979, 165094983, NULL, 'Violaine ', 'DELARCHAND ', '58909296f6ca14a4f26977ef7a2e01ecadcc6161', 'vdelarchand@yahoo.fr', NULL, '2017-05-29', 0, 0, 'Strasbourg', 67000, 0, 1, '1970-08-21', 0, '694c35ccb4ce130db7c1a295857377a9293b8c3e', 0, 1, 2, 75),
(371, 165186358, 165186359, NULL, 'Jean François ', 'Francisci', 'cb9c07f1f3b869469494e3258931080c98623db3', 'jeffvero93@gmail.com', NULL, '2017-05-29', 0, 0, 'Strasbourg', 67000, 0, 1, '1966-04-26', 0, '0f15d04f775894b2b281e4b88f2fc2b62a6a8287', 0, 1, 1, 75),
(372, 165201582, 165201583, NULL, 'Mathilde', 'Maino', '38b68bb30357337f0a101711c8df85d94722e154', 'math26-01@hotmail.fr', NULL, '2017-05-29', 0, 0, 'Strasbourg', 67000, 0, 1, '1999-01-26', 0, '4eeb4614236169d07fceaf3376d5b1d9487b1967', 0, 1, 2, 75),
(373, 165219918, 165219921, NULL, 'Yann', 'Cartaut', 'e0cfa9c084d25277e08c9094e476997b6211955f', 'yacata@gmail.com', NULL, '2017-05-29', 0, 0, 'Strasbourg', 67000, 0, 1, '1972-12-06', 0, '4b04a2f21dac1a1c4753584fad7c556f08bedecb', 0, 1, 1, 75),
(374, 165332727, 165332730, NULL, 'francois', 'hervieu', '044d129a994d1d4c0c8d24fe1fd6dc525e248a1b', 'fhervieularic@gmail.com', NULL, '2017-05-30', 0, 0, 'Strasbourg', 67000, 0, 1, '1964-07-09', 0, '453dd3205bb59c082f3b2126a3b3a117e8c445c2', 0, 1, 1, 75),
(375, 165526522, 165526525, NULL, 'Andréa', 'Lenoury', 'd2116910c4785a65bc1d00563da9634e3e625b5d', 'andreanali@live.fr', NULL, '2017-05-30', 0, 0, 'Strasbourg', 67000, 0, 1, '1984-05-16', 0, '8edb25e98c2644b5d2a055351252c9153deae46c', 0, 1, 2, 75),
(376, 0, 0, '230770914084468', 'Guillaume', 'Bdn', NULL, 'baudinguiome@orange.fr', NULL, '2017-05-30', 0, 0, 'Strasbourg', 67000, 0, 1, '1970-01-01', 0, '2b04d54094ec0ff5708204e57d35bf064f33d2ea', 0, 1, 1, 75),
(377, 165628764, 165628767, NULL, 'Maxime', 'Duclos', '67cefc039094ff2cd2428d955880d9d7d1683e8d', 'casillas28000@gmail.com', NULL, '2017-05-30', 0, 0, 'Strasbourg', 67000, 0, 1, '1995-08-04', 0, 'd5707bcf72937f6324904db4fa63581a70f91db2', 0, 1, 1, 75),
(378, 165747204, 165747222, NULL, 'Benjamin', 'Albanese', '7e64045a111a7cb1d11bfe711183b4a911f208d9', 'benjamin.albanese68@gmail.com', '378IMG_2074.JPG', '2017-05-31', 0, 0, 'Strasbourg', 67100, 606660596, 0, '1996-04-18', 0, '2a8c6455382d20611bc04b517c0423e777988938', 0, 1, 1, 75),
(379, 165793815, 165793819, NULL, 'Lola', 'Haillot', 'b797589dc2055f1132e6145259cf5b938589a1ff', 'lolahaillot@gmail.com', NULL, '2017-05-31', 0, 0, 'Strasbourg', 67000, 0, 1, '1993-04-08', 0, '2f89d74fecf967e01de00d20a25a43ec8a55e158', 0, 1, 2, 75),
(380, 165921766, 165921767, NULL, 'a', 'b', 'e0c9035898dd52fc65c41454cec9c4d2611bfb37', 'ab@gmail.fr', NULL, '2017-05-31', 0, 0, 'Strasbourg', 67000, 0, 1, '1989-04-18', 0, 'dd99712c04b719982b43b3165745545599776b79', 0, 1, 1, 75),
(381, 0, 0, '10155429508783092', 'Ericka', 'Monsalve Isaza', NULL, 'erickacipriani@hotmail.com', NULL, '2017-05-31', 0, 0, 'Strasbourg', 67000, 0, 1, '1970-01-01', 0, 'e36de5681a1d0f38eb134b88483cd2eb7cafb0fb', 0, 1, 2, 75),
(382, 166063818, 166063821, NULL, 'Isabelle', 'MACQUAIRE', '68154aafa421cec09e86acb2ad62cdf5c5029cdd', 'isabelle.macquaire@baurech-ebike.com', NULL, '2017-05-31', 0, 0, 'BAURECH', 33880, 620923581, 0, '1962-03-05', 0, '085eddcc3de6fc03b177afbdffb6eab50040570b', 0, 1, 2, 75),
(383, 166103994, 166103995, NULL, 'fil', 'flyman', '650f2ac1895e2a024591c83f1a0113008fdb00c4', 'noartnocom@gmail.com', NULL, '2017-05-31', 0, 0, 'Strasbourg', 67000, 0, 1, '2004-07-15', 0, 'a86dedd7635a08e53cc8cdf7a649859622f4a07f', 0, 1, 1, 75),
(384, 167179313, 167179314, NULL, 'Stéphane', 'Gully', '9ffd23e5acda1e74de418e99cd3644ce8be6f808', 'stafi.gully@gmail.com', NULL, '2017-06-02', 0, 0, 'Strasbourg', 67000, 0, 1, '1980-02-03', 0, 'dbf5c88be1bebce7f62e14bd102735337faacb29', 0, 1, 1, 75),
(385, 167452379, 167452380, NULL, 'nicolas', 'RENARD', '512e21940a4a416082f8e1f48cb74055d8bd98ee', 'renard.nic@gmail.com', NULL, '2017-06-03', 0, 0, 'Strasbourg', 67000, 0, 1, '1970-03-03', 0, 'e6e4ffb0c688bd84d7f175e2a453bb6363f70764', 0, 1, 1, 75),
(386, 167453515, 167453517, NULL, 'Elodie', 'Gou', '1064dc8e0b19760ce7b0902abcd532c8b5a72693', 'bibou332@hotmail.com', NULL, '2017-06-03', 0, 0, 'Strasbourg', 67000, 0, 1, '1981-02-25', 0, 'fd21086d5929f03f45a60992c68628c610c2ae38', 0, 1, 2, 75),
(387, 167482377, 167482378, NULL, 'Thomas', 'PUAUD', '44085b4ac871b71f7955346cc7705212ae544209', 'tompuaud@sfr.fr', NULL, '2017-06-03', 0, 0, 'Strasbourg', 67000, 0, 1, '1980-05-04', 0, '5914d644bdc444544a2d4ef672fe8f0b7bc24d7c', 0, 1, 1, 75),
(388, 167526249, 167526252, NULL, 'DANIEL', 'PANZARELLA', '2672997101ed0ac20c98d87a8751dd8a30f4b6c7', 'daniel.panzarella@sfr.fr', NULL, '2017-06-03', 0, 0, 'Strasbourg', 67000, 0, 1, '1964-07-15', 0, 'ae7751e9c4d53e1b5f3685b28cf3df0575f77897', 0, 1, 1, 75),
(389, 167751397, 167751398, NULL, 'Kunyan', 'Li', 'f69b5f238448398be871deafb0c2fb0bed15ad37', 'kunyan.nana@gmail.com', NULL, '2017-06-04', 0, 0, 'Strasbourg', 67000, 0, 1, '1987-09-18', 0, '51b02a2ca0608395d10fc7d79e82b33a15036996', 0, 1, 2, 75),
(390, 0, 0, '10207176200641995', 'Michael', 'Thiebaud', NULL, 'michaelthiebaud@gmail.com', NULL, '2017-06-05', 0, 0, 'Strasbourg', 67000, 0, 1, '1970-01-01', 0, '412ac7cad902de01f4f97666f1437c38e0ebe0cf', 0, 1, 1, 75),
(391, 168088264, 168088265, NULL, 'jean', 'macchi', '3f7e2f30723c68dc8e749c1c36365551339a1134', 'jmacchi@em-normandie.fr', NULL, '2017-06-05', 0, 0, 'Strasbourg', 67000, 0, 1, '1991-05-22', 0, '8dee9f4f72fcacea008b4e46ce9514caf6ba9363', 0, 1, 1, 75),
(392, 168097697, 168097698, NULL, 'Nathalie', 'DELLEVILLE', 'd6d50d17869a5c165608fa0dbe02808abe0abf15', 'nathaliedelleville@yahoo.fr', NULL, '2017-06-05', 0, 0, 'Strasbourg', 67000, 0, 1, '1972-11-24', 0, 'be97f40a57b2a38e1e282b9e59e2a450d746decb', 0, 1, 2, 75),
(393, 168234696, 168234698, NULL, 'Antsa', 'Razanakolona', '26b92aa0427ca655e62f227c6cde82b56ae2b010', 'Antsa.razanakolona@hotmail.fr', NULL, '2017-06-05', 0, 0, 'Strasbourg', 67000, 0, 1, '1989-08-04', 0, '790c5e0318d890253a42b1031fb84cf876d55732', 0, 1, 2, 75),
(394, 168482867, 168482868, NULL, 'maléa', 'brohm', '1d1b83d76a166f1bcc8a53627a011ac0ad4e3a7f', 'magalileab@gmail.com', NULL, '2017-06-06', 0, 0, 'strasbourg', 67100, 65158548, 0, '1972-09-16', 0, '2a6bc3cbc45279b94282c519a6a9ed24ea6c216a', 0, 1, 2, 75),
(395, 168491374, 168491381, NULL, 'Gabrielle', 'Tiger', '87ac9891131b85430bf3cd6c38d22e0f21637296', 'mariegaby76@gmail.com', NULL, '2017-06-06', 0, 0, 'Strasbourg', 67000, 0, 1, '1968-07-16', 0, '8478e19cd520703a5f4bfd7fdbc57c36d5f53ad1', 0, 1, 2, 75),
(396, 168562140, 168562142, NULL, 'raul', 'izquierdo', '3dfd64bbdaf7ccc5b09b30e5fdc9c6ce0c2e5025', 'srauli1988@gmail.com', NULL, '2017-06-06', 0, 0, 'Strasbourg', 67000, 0, 1, '1987-12-17', 0, '6041a81eb07816ee064561f007cb28089a823432', 0, 1, 1, 75),
(397, 168566292, 168566293, NULL, 'Leonard', 'Votan', 'b6d610e4fb5bc986ca2b1eb3083cb91d0c1931d0', 'leogoan@gmail.com', NULL, '2017-06-06', 0, 0, 'Montreuil', 93100, 78358696, 0, '1997-12-07', 0, '98417b721a67ee1a2cbeb5aea8bcd63ea7153416', 0, 1, 1, 75),
(398, 169052401, 169052406, NULL, 'benjamin', 'De buttet', 'b2b26bda65f5a033f341bfbf8568e5e673260d04', 'benjamindebuttet@gmail.com', NULL, '2017-06-07', 0, 0, 'Strasbourg', 67000, 0, 1, '1970-01-01', 0, '98c9e539e66ef9cd66f07de9e44465731a1453ea', 0, 1, 1, 75),
(399, 169054240, 169054241, NULL, 'Héloïse', 'Leussier', 'e172788113b1ac61d0a01cd23bc434a8c6fd963c', 'heloise.leussier@groupe-sos.org', NULL, '2017-06-07', 0, 0, 'Strasbourg', 67000, 0, 1, '1989-10-17', 0, 'e228271180996db036c39ca54d5d637ecf4bec61', 0, 1, 2, 75),
(400, 169247194, 169247195, NULL, 'youns', 'guittoune', '1ca2bc53e7078c4994d36915d4f2b91cedd483f6', 'guittoune.youns@gmail.com', NULL, '2017-06-07', 0, 0, 'Strasbourg', 67000, 0, 1, '1990-07-23', 0, '0aaadcb2e37919fa1fcc16239db3423ad2b1adae', 0, 1, 1, 75),
(401, 169318405, 169318410, NULL, 'Anthony', 'DELIUS', 'e3e658a461c0edd01e2c2f56a08889de574953b0', 'delius_anthony@yahoo.com', NULL, '2017-06-07', 0, 0, 'Strasbourg', 67000, 0, 1, '1998-11-17', 0, '21e647f38a8172cba8943f1d33172316be767e49', 0, 1, 1, 75),
(402, 169337308, 169337313, NULL, 'Damya', 'Hamouche', '3ff70be9f485e110e12328cda93f933dd3a8cdcd', 'damyahamouche@gmail.com', NULL, '2017-06-07', 0, 0, 'Strasbourg', 67000, 0, 1, '1981-08-31', 0, 'd4a678d15a2360382ee9978f44ca9e8b417874c0', 0, 1, 2, 75),
(403, 169345403, 169345408, NULL, 'Damien', 'Gillier', '4eb016967998d65a5f69292d994c5f598bd87b02', 'damiengillier@hotmail.fr', NULL, '2017-06-07', 0, 0, 'Strasbourg', 67000, 0, 1, '1971-01-01', 0, 'caa9b33020d2e05e158de1753582e8d533cbeef6', 0, 1, 1, 75),
(404, 169557403, 169557407, NULL, 'Juliette', 'Quéau', 'e593b90f713dacb4810f5aa082471291f4f8201c', 'juliette.qkeo@gmail.com', NULL, '2017-06-08', 0, 0, 'Strasbourg', 67000, 0, 1, '1990-11-09', 0, 'ff721acddcf09060f4064b6a60b5bef6fe66b8b6', 0, 1, 2, 75),
(405, 169599482, 169599483, NULL, 'Sixtine', 'Lacotte', 'd64e952c3c9cce785119f7f599df1f65d5b9d390', 'sixtinelacotte@hotmail.fr', NULL, '2017-06-08', 0, 0, 'Strasbourg', 67000, 0, 1, '1989-10-27', 0, 'cfbcacae6fb14c40539ece398ab760985d0ae413', 0, 1, 2, 75),
(406, 169622582, 169622586, NULL, 'Anthony', 'Gomes', '5d6e33579bb5a84eb811efd68ff262f8d1c22c6d', 'anthonygomes74@hotmail.fr', NULL, '2017-06-08', 0, 0, 'Strasbourg', 67000, 0, 1, '1989-01-11', 0, '15a5300cb0853f3f01a38ffe61c4b83d6aaa1037', 0, 1, 1, 75),
(407, 169694824, 169694825, NULL, 'teddy', 'mangon', '10bdde9a4a70628adabb3cd21a907b41b11e707d', 'ted.tm49@gmail.com', NULL, '2017-06-08', 0, 0, 'Strasbourg', 67000, 0, 1, '1986-07-18', 0, '77c184c5a9d46d8aeceac45fd69970fd403b23b3', 0, 1, 1, 75),
(408, 169731247, 169731249, NULL, 'Pascale', 'Salomon', 'c57dfa0c11fe54e2ad41017617f7057a1a530967', 'scale.salomon@gmail.com', NULL, '2017-06-08', 0, 0, 'Strasbourg', 67000, 0, 1, '1961-08-11', 0, 'd652e51618df1dc472c967a5d4ebb28ddd997c4b', 0, 1, 2, 75),
(409, 170204256, 170204258, NULL, 'Laurence', 'GRANCHAMP', 'b40d62c56b0388fbf2e39ce35148afc25a891563', 'laugranchamp@gmail.com', NULL, '2017-06-09', 0, 0, 'Strasbourg', 67000, 0, 1, '1969-03-20', 0, '229c78089edacf01bd8276e951cf83b84e25141e', 0, 1, 2, 75),
(410, 170263240, 170263241, NULL, 'Achour', 'Hachemi', '7c624f47b9c5362e7e2d82c1d789277f70d09b9d', 'achour.14.h@gmail.com', NULL, '2017-06-09', 0, 0, 'Strasbourg', 67000, 0, 1, '1996-12-04', 0, '1be142b3c2dc0d31205c925dd63b2adc12bc934f', 0, 1, 1, 75),
(411, 170338993, 170338996, NULL, 'Thibault', 'Frayer', 'fba085d737c7c00584fd74d016ed902610327630', 'thibault.frayer@gmail.com', NULL, '2017-06-09', 0, 0, 'Strasbourg', 67000, 0, 1, '1989-12-14', 0, 'c10fcd5fe120bb1b1b5d9f437485b842a558a702', 0, 1, 1, 75),
(412, 170635068, 170635071, NULL, 'stone', 'Fletcher', '26226e8fb41d5acc463a126586649cf9d180d4ee', 'xxpressweb@me.com', NULL, '2017-06-10', 0, 0, 'Strasbourg', 67000, 0, 1, '1971-12-05', 0, 'd6668d52968653d2819e6a50efed39e54d35d6c2', 0, 1, 1, 75),
(413, 170660512, 170660515, NULL, 'Nicolas', 'Emery', 'eec1e99ce742869a6e68ee67f67c5cf01842e4b9', 'emery_nicolad@yahoo.fr', NULL, '2017-06-10', 0, 0, 'Strasbourg', 67000, 0, 1, '1972-05-17', 0, '5e83ca3fa266ddfb3e94143af774945034be1874', 0, 1, 1, 75),
(414, 170663393, 170663394, NULL, 'Salvatore', 'GALLETTA', '14e8b89a8f74f970e6350df1cbca6a86ccc55083', 'salvatore.galletta@wanadoo.fr', NULL, '2017-06-10', 0, 0, 'Strasbourg', 67000, 0, 1, '1966-08-01', 0, 'd805ad8d27de1227fa1ec715d17af426befb076c', 0, 1, 1, 75),
(415, 170720768, 170720769, NULL, 'Mathilde ', 'Hamon', '8d41959a9f48ae08ad03810b7da2ab1aeeccb4eb', 'mathilde.hamon@hotmail.fr', NULL, '2017-06-10', 0, 0, 'Strasbourg', 67000, 0, 1, '1984-04-11', 0, 'cfce1a400a06298c195fce068f470ebd12eae140', 0, 1, 2, 75);
INSERT INTO `membre` (`id`, `id_mangopay`, `id_wallet`, `id_facebook`, `prenom`, `nom`, `password`, `email`, `avatar_image`, `date_inscription`, `nb_velo_emprunte`, `nb_velo_prete`, `ville`, `code_postal`, `tel`, `tel_public`, `date_naissance`, `membre_verifie`, `key_mdp`, `points`, `indic_tel_id`, `genre_id`, `pays_id`) VALUES
(416, 170832722, 170832725, NULL, 'joris', 'bolomey', '065e2e4279044074a79da6c9ab605dfea4af274c', 'jorisbolomey@gmail.com', NULL, '2017-06-10', 0, 0, 'Strasbourg', 67000, 0, 1, '1992-07-07', 0, '1ea1e5ec46ec8bdf377f8b8086119b6ad1a051d1', 0, 1, 1, 75),
(417, 0, 0, '1450301718363911', 'Patrice', 'Ansel', NULL, 'lafamilleansel@orange.fr', NULL, '2017-06-11', 0, 0, 'Strasbourg', 67000, 0, 1, '1970-01-01', 0, 'ca03e7ece0c2f481c6fcab559351921eb1aac70e', 0, 1, 1, 75),
(418, 171136171, 171136172, NULL, 'Victor ', 'Delmas ', '7c881c7d0f78e87fc8fe8adfe7e1a8dad3ca888a', 'victordd1998@hotmail.fr', NULL, '2017-06-11', 0, 0, 'Strasbourg', 67000, 0, 1, '1997-10-21', 0, '3e9bd958e53f420317959fdff49fc1d89825079b', 0, 1, 1, 75),
(419, 171361544, 171361547, NULL, 'Ludivine', 'Orth', '180e7a0b28728981452dccc63964000c86b8bb05', 'ludviju@gmail.com', NULL, '2017-06-12', 0, 0, 'Strasbourg', 67000, 0, 1, '1984-03-01', 0, 'b01b9d73f6e483d16b8009b45cc8a0feed3d728f', 0, 1, 2, 75),
(420, 171362861, 171362862, NULL, 'Blanca', 'Saavedra ', '5baa61e4c9b93f3f0682250b6cf8331b7ee68fd8', 'blanca24abril@hotmail.com', NULL, '2017-06-12', 0, 0, 'Strasbourg', 67000, 0, 1, '1982-04-24', 0, 'd446d62817c9216c1e1f0dfd03ba45ff004beaaf', 0, 1, 2, 75),
(421, 0, 0, '1556356684394860', 'Lucas', 'Horenburg', NULL, 'lucas.horenburg@live.fr', NULL, '2017-06-12', 0, 0, 'Strasbourg', 67000, 0, 1, '1970-01-01', 0, '500cd5f4c8b396a3846257be2a97600a7bb9bda5', 0, 1, 1, 75),
(422, 171476950, 171476951, NULL, 'Massine', 'Amri', '86af2fcffd08ad7e98c22040529677a7402a1c06', 'massine.amri@gmail.com', NULL, '2017-06-12', 0, 0, 'Strasbourg', 67000, 0, 1, '1990-03-03', 0, 'a21ee3f3fcac41b0d31cc4f192150452eb95a12e', 0, 1, 1, 75),
(423, 171477417, 171477418, NULL, 'Sylvain', 'Grébaut', 'd9b45e0abef4df84550d76f02519ea159f1c78c1', 'grebs@free.fr', NULL, '2017-06-12', 0, 0, 'Strasbourg', 67000, 0, 1, '1978-04-10', 0, '7a827fa483615d2dfd14c3c7426b14c68628f383', 0, 1, 1, 75),
(424, 0, 0, '10155434896704158', 'Amin', 'Jamin\'Bintje', NULL, 'amin.rabhi.1990@gmail.com', NULL, '2017-06-12', 0, 0, 'Strasbourg', 67000, 0, 1, '1970-01-01', 0, '0f669e6d12b012be1f476214424f6e6d6990d853', 0, 1, 1, 75),
(425, 171504694, 171504698, NULL, 'NICOLE', 'chaulet', '12c7236529fe12f1e8929c31aa0c089f97733369', 'nicole.chaulet2@orange.fr', NULL, '2017-06-12', 0, 0, 'Strasbourg', 67000, 0, 1, '1967-01-25', 0, '7ddf5f1f75a1cb6a8d3fae471c04b7f4ed2be392', 0, 1, 2, 75),
(426, 171530159, 171530162, NULL, 'nora', 'tighilet', '0e6a80b084a0c0bce9497dafe737323968bd70c6', 'kanzasalhi300@gmail.com', NULL, '2017-06-12', 0, 0, 'Strasbourg', 67000, 0, 1, '1974-05-06', 0, 'aa6193bd889791a51a04b3a235b21c83585d97fa', 0, 1, 2, 75),
(427, 171608499, 171608500, NULL, 'fodie', 'sako', 'bf66cafb793ea90eca738d4485d7012a7b078486', 'cotesdautyaso@gmail.com', NULL, '2017-06-12', 0, 0, 'Strasbourg', 67000, 0, 1, '1992-06-24', 0, 'c7b29ef511cdb28f50e749c10e5a48956889c0ed', 0, 1, 1, 75),
(428, 171636620, 171636623, NULL, 'Arnaud', 'lherminier', '46da178b108bee36de332a830d77de4d2a2b2961', 'arnaudlherminier@gmail.com', NULL, '2017-06-12', 0, 0, 'Strasbourg', 67000, 0, 1, '1985-02-22', 0, '404a595026c3b397b64a57135ff2df127834215f', 0, 1, 1, 75),
(429, 171670325, 171670328, NULL, 'Jonathan', 'Schicklin ', 'f0f50982a945ca0f6b3f0082b20905bdd388762d', 'Jschicklin@me.com', NULL, '2017-06-12', 0, 0, 'Strasbourg', 67000, 0, 1, '1988-09-11', 0, '3e515fb4e64850d93773dd984f0e9b8410962489', 0, 1, 1, 75),
(430, 171898615, 171898620, NULL, 'Oceane', 'Morin', '0b7def876a8cc6c188889fdb93f9f3e7919ce95d', 'oceane.morin92@gmail.com', NULL, '2017-06-13', 0, 0, 'Strasbourg', 67000, 0, 1, '1999-05-14', 0, '5f61cf5f794ad65cda2473f89189d09f73ba79d4', 0, 1, 2, 75),
(431, 0, 0, '1514685881915350', 'Sad\'', 'Omaso', NULL, 'crasymagic@gmail.com', NULL, '2017-06-13', 0, 0, 'Strasbourg', 67000, 0, 1, '1970-01-01', 0, '09b94c40f6fa33d854ffbbce26e07c8912427cc7', 0, 1, 1, 75),
(432, 172313799, 172313800, NULL, 'Laure-Sophie', 'FEUVRE', 'b285dbe7d92b46f279d4eb921cc4ec136d05f789', 'laure-sophie.florentz@sncf.fr', NULL, '2017-06-14', 0, 0, 'Strasbourg', 67000, 0, 1, '1984-12-10', 0, 'f42dad3a39496726654e3505fef0fe120686c58c', 0, 1, 2, 75),
(433, 172359550, 172359553, NULL, 'johanne', 'yvinec', '8e03b3109ebf2a7b5a828878bed5daba62203ea3', 'johanne.yvinec@gmail.com', NULL, '2017-06-14', 0, 0, 'Strasbourg', 67000, 0, 1, '1993-11-06', 0, 'f119ec991bd8bf312e37f0018fca9e63fda3a24e', 0, 1, 2, 75),
(434, 172430363, 172430364, NULL, 'Zineddine', 'Zidane', '308cce89ddc9a4734ca83e17dbc91a9d383260e5', 'zizinou24@gmail.com', NULL, '2017-06-14', 0, 0, 'Strasbourg', 67000, 0, 1, '1998-07-07', 0, '56c2c31669582d45f0582056943d4bd7a059aa89', 0, 1, 1, 75),
(435, 0, 0, '2275295512696288', 'Katelyn', 'Grt', NULL, 'japan-lover-in-you@hotmail.fr', NULL, '2017-06-14', 0, 0, 'Strasbourg', 67000, 0, 1, '1970-01-01', 0, '8c825b65dbced459bb71bc408adc5daa5f9e0c36', 0, 1, 2, 75),
(436, 172495663, 172495664, NULL, 'Dominique', 'JOLY', 'e5dde65425bf8dd312d96c548bea5fe332809cc3', 'dga.joly@wanadoo.fr', NULL, '2017-06-14', 0, 0, 'Strasbourg', 67000, 0, 1, '1956-04-30', 0, 'd0ff97933effc99a8f8121e5978c0a910d91c434', 0, 1, 1, 75),
(437, 172514003, 172514006, NULL, 'François', 'Harivellerie', '4556e4ae824a98268546f234c50faac251c0328f', 'francois.harivellerie@gmail.com', NULL, '2017-06-14', 0, 0, 'Strasbourg', 67000, 0, 1, '1986-09-30', 0, '66565c2e71fd7a10218e3726db6f0a8a20c7f914', 0, 1, 1, 75),
(438, 172635181, 172635182, NULL, 'Loetitia', 'Carette', 'e598c132c8fc497ee05802af14ba7ec60da13760', 'julien.carette@wanadoo.fr', NULL, '2017-06-14', 0, 0, 'Strasbourg', 67000, 0, 1, '1974-12-23', 0, 'c8029c90ba67d144e19cbdfb7ac50b7a77081e3b', 0, 1, 2, 75),
(439, 172886457, 172886458, NULL, 'SYLVIE', 'DOUVIER', '7c4c56a68332bde1b40e33308ad5037973bb824d', 'sylvie.douvier@unistra.fr', NULL, '2017-06-15', 0, 0, 'Strasbourg', 67000, 0, 1, '1966-12-18', 0, 'd43ee5ff4e8b552738c6211e649e6c49a4c3f2b1', 0, 1, 2, 75),
(440, 172909821, 172909822, NULL, 'Hugo', 'Moreau-Paganelli', '70fd868f95d03a813eaa364a8850582aa1a09e55', 'hugo.moreaupaganelli@gmail.com', NULL, '2017-06-15', 0, 0, 'Strasbourg', 67000, 0, 1, '1998-01-23', 0, '3f889ca5e4b61ea78e11bb7220b7cbd322dab9cf', 0, 1, 1, 75),
(441, 0, 0, '1216165325173647', 'Agnes', 'Barbier', NULL, 'tagnesb@gmail.com', NULL, '2017-06-15', 0, 0, 'Strasbourg', 67000, 0, 1, '1970-01-01', 0, '3fdd6aa689da719013b9e2f68bde402506709f03', 0, 1, 2, 75),
(442, 173061578, 173061581, NULL, 'delia', 'arshakyan', '52f71c912a221b02eabd8fb6d34150f08134e6f4', 'delia_arshakyan@yahoo.fr', NULL, '2017-06-15', 0, 0, 'Strasbourg', 67000, 0, 1, '1988-06-06', 0, '7dd1aa0a44672d7244c5d9c1f2d3652d85b97dba', 0, 1, 2, 75),
(443, 0, 0, '10212839316838975', 'Léo', 'Stephan', NULL, 'crasymagic2@gmail.com', NULL, '2017-06-15', 0, 0, 'Strasbourg', 67000, 0, 1, '1970-01-01', 0, '4a6bcb5f7e01f448e751d37b48ffaa67651196a3', 0, 1, 1, 75),
(444, 173094915, 173094918, NULL, 'aissam ', 'nachoum', '1db026bb05fafe724794cb80fb1ac90b30d71134', 'gdl-plage@Hotmail.fr', NULL, '2017-06-15', 0, 0, 'Strasbourg', 67000, 0, 1, '1976-06-12', 0, '4f72175372e4ad4da6220cff2483b637e0095609', 0, 1, 1, 75),
(445, 173484524, 173484529, NULL, 'Laura', 'Denize', 'dfb745de02cc95a338f1ecc451814f1da1bbff97', 'laura.denize@wimoov.org', NULL, '2017-06-16', 0, 0, 'Strasbourg', 67000, 0, 1, '1991-10-18', 0, '469d3bbc5f908a572f08033a1d9d3bbd5f61d524', 0, 1, 2, 75),
(446, 173522352, 173522357, NULL, 'Charlene', 'Lhermusier', '433e62659b3d92d59a79fc4c8eb7003eb0dce209', 'charlene.lhermusier@hotmail.fr', NULL, '2017-06-16', 0, 0, 'Strasbourg', 67000, 0, 1, '1986-05-19', 0, 'bf113301bf8d236b7eb59a3625af2385a9288ce8', 0, 1, 2, 75),
(447, 173961843, 173961846, NULL, 'Lorena', 'Rodriguez Diez', '591ce29c44834d909b3c8855b5574682ca1536b4', 'lorena.rodriguezdiez@gmail.com', NULL, '2017-06-17', 0, 0, 'Strasbourg', 67000, 0, 1, '1984-02-21', 0, 'c5d045d4f189eff7a89379530f4a3e9fe4d26595', 0, 1, 2, 75),
(448, 173982298, 173982300, NULL, 'Edyta', 'Czuprynska', '0eafd8b56f74b85dd77d6cb6149ced4a548463fa', 'edyta.czuprynska@gmail.com', NULL, '2017-06-17', 0, 0, 'Strasbourg', 67000, 0, 1, '1988-01-14', 0, '6bc71e2a05304de7af065d5d3bb84a2e95f51626', 0, 1, 2, 75),
(449, 0, 0, '10213167874608815', 'Margaux', 'Triton', NULL, 'mgx.triton@yahoo.com', NULL, '2017-06-18', 0, 0, 'Strasbourg', 67000, 0, 1, '1970-01-01', 0, 'd9963fd10cca3b5e28b9ae7e7e161f3bd7aede71', 0, 1, 2, 75),
(450, 174252930, 174252931, NULL, 'Sungcian ', 'Yu', 'af54590893f722b8f3ed44b7c53bc7688c2d6c73', 'ty9682457@gmail.com', NULL, '2017-06-18', 0, 0, 'Strasbourg', 67000, 0, 1, '1996-03-06', 0, 'b9afaf72ae305ccd931bfa3c76007f6d50e9b2cc', 0, 1, 1, 75),
(451, 174267313, 174267314, NULL, 'BRUNO', 'BABINET', '9a52eab2dfa92413df759708f1961b12b5d593c7', 'bruno.babinet@apprentis-auteuil.org', NULL, '2017-06-18', 0, 0, 'Strasbourg', 67000, 0, 1, '1962-03-19', 0, '7358de8a74bcd54472924e501072dec19ad86954', 0, 1, 1, 75),
(452, 174283405, 174283406, NULL, 'Arnaud ', 'THERESE ', 'ec9085d0582228954665063f2a8615a9896a91e3', 'theresearnaud@hotmail.fr', NULL, '2017-06-18', 0, 0, 'Strasbourg', 67000, 0, 1, '1992-07-11', 0, '3fc5191cdd23b1d9ef7ce710bd26fa4aa94a6644', 0, 1, 1, 75),
(453, 174283938, 174283939, NULL, 'Aymane ', 'Boras ', 'faa2e231a5c5032964440f83cfa1ae57b6ac5010', 'borasaymane0@gmail.com', NULL, '2017-06-18', 0, 0, 'Strasbourg', 67000, 0, 1, '1985-08-31', 0, '52414f5d3929d6f2b21650768c140750e072f666', 0, 1, 1, 75),
(454, 174298801, 174298802, NULL, 'Antoine', 'Van Doorn', '694ccc55b7b95f0e50feba2966341cf6754caf61', 'antoine.vandoorn@free.fr', NULL, '2017-06-18', 0, 0, 'Strasbourg', 67000, 0, 1, '1972-09-03', 0, 'de454e8d9bb5e6b745865272298375631ffac9c1', 0, 1, 1, 75),
(455, 174300306, 174300307, NULL, 'Yanis', 'Agag', 'bdc706dc57a403055e0fdd5cb1b17a8f70104c1f', 'yanis.agag@gmail.com', NULL, '2017-06-18', 0, 0, 'Strasbourg', 67000, 0, 1, '1987-10-29', 0, 'aafd62c5149b2f771ec4a97aae10ccbbf4389a09', 0, 1, 1, 75),
(456, 174368282, 174368283, NULL, 'rockal', 'Murral', '5ef290ecd4f9cfece42831e548146cbe0881663c', 'ro2co@yahoo.fr', NULL, '2017-06-18', 0, 0, 'Strasbourg', 67000, 0, 1, '1970-05-02', 0, '0a9016181a1f81d9ded192e3225a12af1a93021f', 0, 1, 1, 75),
(457, 174655506, 174655507, NULL, 'mickael', 'bernhard', 'c9aa03c7dc9111997a1bc306f9d5aef89e1698a9', 'hello@prendsmaplace.fr', '457voiture électrique.jpg', '2017-06-19', 0, 0, 'Huttenheim', 67230, 689964096, 1, '1985-11-18', 0, 'd540e4e7261f2a64d207b663eadfa7e1513c4e29', 0, 1, 1, 75),
(458, 174884116, 174884117, NULL, 'Louis', 'Hochereau', '606295b756b8519d9ccfa028a652867b003759e9', 'louis.hochereau@gmail.com', NULL, '2017-06-20', 0, 0, 'Strasbourg', 67000, 0, 1, '1995-09-22', 0, 'be1c55a524b4c0385f64e6c883e59bb8c53a2f47', 0, 1, 1, 75),
(459, 0, 0, '10213458634843110', 'Manon', 'Planche', NULL, 'manonplanche@wanadoo.fr', NULL, '2017-06-20', 0, 0, 'Strasbourg', 67000, 0, 1, '1970-01-01', 0, '15e8518ee2cd92363f45899dbeb5926148dff9a2', 0, 1, 2, 75),
(460, 174973774, 174973779, NULL, 'Jérémy', 'Cremonesi', '7c01224b05f4534642e0823648fa5ba02733cd8a', 'jeremy.cremonesi@gmail.com', NULL, '2017-06-20', 0, 0, 'Strasbourg', 67000, 0, 1, '1990-08-30', 0, '619a3df9dd671c7ec975bc97f873956a525b310d', 0, 1, 1, 75),
(461, 174980948, 174980951, NULL, 'Mireille', 'Gérard', '126b9b40adbbb6d9c97d31de5e43a2d9817fe8b1', 'mulbox@gmail.com', NULL, '2017-06-20', 0, 0, 'Strasbourg', 67000, 0, 1, '1962-11-21', 0, '6d120a08c0066b91ea09891d72ed6c0e69e6fd15', 0, 1, 2, 75),
(462, 174981973, 174981978, NULL, 'Sergio', 'PEREIRA', '38af82133976be158b6598afe955357bc5815a49', 'sergiopr@hotmail.fr', NULL, '2017-06-20', 0, 0, 'Strasbourg', 67000, 0, 1, '1966-12-19', 0, '2b93a45405f698c14868b013c4be125d8b50e368', 0, 1, 1, 75),
(463, 174986134, 174986160, NULL, 'Simon', 'Chaigne', '21998be37efe68069a11565f5c7b15e82b2a025a', 'simon.chaigne@orange.fr', NULL, '2017-06-20', 0, 0, 'Strasbourg', 67000, 0, 1, '1998-03-23', 0, 'e5dc9dd5a83ee96f7c0d34b6fadf35d3bc806f08', 0, 1, 1, 75),
(464, 175035771, 175035772, NULL, 'Dimitri ', 'Langolf ', '6fc84c0ea3351b1e25c51808f0162f95ce43cfad', 'dimlangolf@gmail.com', NULL, '2017-06-20', 0, 0, 'Strasbourg', 67000, 0, 1, '1979-12-23', 0, 'c723b4c0c8bd89d1e7afad908184212fb3dc208e', 0, 1, 1, 75),
(465, 175110289, 175110293, NULL, 'Virginie', 'Pineau', '47a7f3dbccf04b6d3695418591e6ad4cdabca112', 'pineau.vir@wanadoo.fr', NULL, '2017-06-20', 0, 0, 'Strasbourg', 67000, 0, 1, '1986-05-18', 0, '570b60202cf6d2c84c48b0fe5cb4ce42d9495296', 0, 1, 2, 75),
(466, 175374638, 175374639, NULL, 'Marie', 'Mahler', '75e8d575a1b6975d7a1cbaf7b03ad0759dae8016', 'mariemhlr@gmail.com', NULL, '2017-06-21', 0, 0, 'Strasbourg', 67100, 64348175, 1, '1996-09-06', 0, '7b8ff017e5c304ad64573dae259add17cb8f3664', 0, 1, 2, 75),
(467, 175397056, 175397061, NULL, 'Dana', 'Voltz', '6092a032351d76d6aace89d4467bac17e09b52ce', 'pomme.02@live.fr', NULL, '2017-06-21', 0, 0, 'Strasbourg', 67000, 0, 1, '1998-02-21', 0, '7e66a9d5c1bdbb9aac79a75702627ed38f514f09', 0, 1, 2, 75),
(468, 175427849, 175427850, NULL, 'Romain', 'Vilas ', '5de57a5dc777ced951dce483e0cbe8dff9a7841b', 'roms94200@hotmail.com', NULL, '2017-06-21', 0, 0, 'Strasbourg', 67000, 0, 1, '1985-09-24', 0, '5c8d0a10a74320c2e31fae18b0121b264759199b', 0, 1, 1, 75),
(469, 175436659, 175436662, NULL, 'Pierre-Emmanuel', 'Boisdron', '6666a385c784d66737748743376a7c09d1214d2f', 'pe.boisdron@gmail.com', NULL, '2017-06-21', 0, 0, 'Strasbourg', 67000, 0, 1, '1987-11-25', 0, 'd12a25469d46735067c490ca7b7e7ee6289f1c9f', 0, 1, 1, 75),
(470, 0, 0, '10213719136355098', 'Martin', 'Mas', NULL, 'martin.tymas@gmail.com', NULL, '2017-06-21', 0, 0, 'Strasbourg', 67000, 0, 1, '1970-01-01', 0, '06f31a8caeeb6bcbf7cb10b9ed84646d6d393386', 0, 1, 1, 75),
(471, 175587516, 175587517, NULL, 'Rémi', 'Trellu', '9350720f6fbd395df66cc23c811e5137985b53d1', 'remitrellu@hotmail.fr', NULL, '2017-06-21', 0, 0, 'Strasbourg', 67000, 0, 1, '1989-03-05', 0, '0bf834634bc709734467b9ab8f83e8123e116e2a', 0, 1, 1, 75),
(472, 175752463, 175752468, NULL, 'Marjorie', 'CARIOU', '3725ff466f800543154e0200ed8235abcf3e2d36', 'marjorie.cariou@gmail.com', NULL, '2017-06-22', 0, 0, 'Strasbourg', 67000, 0, 1, '1968-09-30', 0, '8e48b285767a3bc1c184e68f7221d238da5ad28a', 0, 1, 2, 75),
(473, 175829789, 175829790, NULL, 'francoise', 'roux', '12ba1b3654eaab87e2bb4428a24bb5e0bb01d676', 'francoisedebourbon@gmail.com', NULL, '2017-06-22', 0, 0, 'Strasbourg', 67000, 0, 1, '1965-01-11', 0, '277cb200eb70b666aed7b7525331158f73be9d41', 0, 1, 2, 75),
(474, 175833951, 175833955, NULL, 'v', 'p', '9a86d075a78e7a19d8b0c2ecbfe9da61ab2292db', 'passemurailles@gmail.com', NULL, '2017-06-22', 0, 0, 'Strasbourg', 67000, 0, 1, '1970-01-01', 0, '5f58cbe005e49373b2bd8e9ec1927ff09fdc27c7', 0, 1, 1, 75),
(475, 175966849, 175966850, NULL, 'Noemie', 'Wiroth', '2a32d54d6222949a0fd4e70662b296ef4a7c69d3', 'nwiroth@gmail.com', NULL, '2017-06-22', 0, 0, 'Strasbourg', 67000, 0, 1, '1977-04-28', 0, 'd8b227575733decc18a753fda42fbc81cba10e54', 0, 1, 2, 75),
(476, 176009382, 176009385, NULL, 'Nicolas', 'Haguet', 'a3ffccff905aabdf5e6d36919d863f9a75b39390', 'weax@me.com', NULL, '2017-06-22', 0, 0, 'Hendaye', 64700, 606505001, 1, '1991-06-13', 0, 'a1fa56cb36159daf2115e538c1fcaf7e551a1274', 0, 1, 1, 75),
(477, 176020590, 176020591, NULL, 'fouad', 'houideg ', 'f4f6e5a214d9f7dc2d6f5e4b1d80e9371e00844d', 'fouadhd@gmx.fr', NULL, '2017-06-22', 0, 0, 'Strasbourg', 67000, 0, 1, '1982-05-14', 0, '6504a3e9c30126a356bc8d6063e1f9938e2ccd56', 0, 1, 1, 75),
(478, 176035472, 176035473, NULL, 'christophe', 'lebreton', '721274711024fa0e7412ecb0112d8edf9060effc', 'cl1229@hotmail.fr', NULL, '2017-06-22', 0, 0, 'Strasbourg', 67000, 0, 1, '1971-03-06', 0, 'c473cb718472f0bce0fc39ad4fbd16c5785e5b81', 0, 1, 1, 75),
(479, 176060598, 176060599, NULL, 'Nathalie', 'Nga tchala', '5455263d906d8731bbceb2138355265638e7edee', 'nathalie_ngatchala@yahoo.fr', NULL, '2017-06-22', 0, 0, 'Strasbourg', 67000, 0, 1, '1978-11-20', 0, 'fface3bd1ddd939c369a24da6847ee726be877c9', 0, 1, 2, 75),
(480, 176075624, 176075625, NULL, 'Nicolas', 'Ranglaret', '1e63d2ec0cc595ec26d1cf59edc3dfd756d53b37', 'nico92828@gmail.com', NULL, '2017-06-22', 0, 0, 'Strasbourg', 67000, 0, 1, '1988-07-29', 0, '24366d47a795f34455d8a068b91ead8e4b566e80', 0, 1, 1, 75),
(481, 176238956, 176238957, NULL, 'Edwige', 'Obaton', 'ad03778234eaf3369f3f788a2499db4ece0fb985', 'edwige.obaton@frizbiz.com', NULL, '2017-06-23', 0, 0, 'Strasbourg', 67000, 0, 1, '1989-07-05', 0, 'fb114edb401bd08f4a6ab9797def8b2f1e8b0787', 0, 1, 2, 75),
(482, 176279273, 176279274, NULL, 'guillaume', 'sigal', 'efd48d20a40525a859abe6e516ddf8e683e1815a', 'guillaume.sigal@gmail.com', NULL, '2017-06-23', 0, 0, '03eille', 13006, 612682652, 1, '1986-03-25', 0, '0292f490a4201f3b916ede6d43091eecdc76419e', 0, 1, 1, 75),
(483, 176286768, 176286772, NULL, 'Amelie', 'Convert', 'b9c429481ec9185ea97fb8e09f483d016726f9a5', 'amel.cvt@outlook.fr', NULL, '2017-06-23', 0, 0, 'Strasbourg', 67000, 0, 1, '2001-10-14', 0, '0f52c69baabf696d24118fffd9fad67dae5a3dcc', 0, 1, 2, 75),
(484, 176345053, 176345055, NULL, 'Marine', 'Lachaud', 'ecc8dbdee21fc8538e2351b5a74bcd8ad14f21b5', 'marine.lac@hotmail.fr', NULL, '2017-06-23', 0, 0, 'Strasbourg', 67000, 0, 1, '1990-06-25', 0, '729e11e45180d8a119154fee82762e049a16765e', 0, 1, 2, 75),
(485, 176346826, 176346827, NULL, 'JP', 'Strebler', '607ed3a0f2dfca84c93ae4b74a4a59beb5b0e2f5', 'strebler@free.fr', NULL, '2017-06-23', 0, 0, 'Strasbourg', 67000, 0, 1, '1961-09-20', 0, '05e827ca37506a716bd248c98e6b38d37388574c', 0, 1, 1, 75),
(486, 176479702, 176479703, NULL, 'Olivier', 'BORNON', '0864a91883ab86909614f36a588ee81376a25c45', 'olivier.bornon@gmail.com', NULL, '2017-06-23', 0, 0, 'Strasbourg', 67000, 0, 1, '1966-11-04', 0, 'da9edda679da7c45abac09185e4053832e7c1969', 0, 1, 1, 75),
(487, 176520511, 176520512, NULL, 'Antonin', 'Deudon', 'bb51feaf6be4323834ff4e9159fc96b7ccfd2669', 'antonin.deudon@gmail.com', NULL, '2017-06-23', 0, 0, 'Strasbourg', 67000, 0, 1, '1986-11-26', 0, '855eb96b1a730ff693ea40e48dc662a772720075', 0, 1, 1, 75),
(488, 176541121, 176541122, NULL, 'Mickael', 'Schricke', '4d1e91319e1ed11482b45fb8e4364eb0eb469781', 'schrickemickael@gmail.com', NULL, '2017-06-23', 0, 0, 'Strasbourg', 67000, 0, 1, '1984-09-14', 0, '845a65439efa1e55629ca21762761d7f744723e8', 0, 1, 1, 75),
(489, 0, 0, '10209859291420081', 'Mathieu', 'Maurice', NULL, 'mathieumaurice1@gmail.com', NULL, '2017-06-24', 0, 0, 'Strasbourg', 67000, 0, 1, '1970-01-01', 0, '85ca87f14652926c6a45700eb51e18a72063e815', 0, 1, 1, 75),
(490, 0, 0, '10155371295636212', 'Alexia', 'Lemarinel', NULL, 'a.lemarinel@gmail.com', NULL, '2017-06-24', 0, 0, 'Strasbourg', 67000, 0, 1, '1970-01-01', 0, '3d45bf09546f111a304d68c89804101d533465cd', 0, 1, 2, 75),
(491, 176745173, 176745174, NULL, 'Lili', 'Meunié', 'd371bcfc01f3ea815c376c937995a44753c7fe6b', 'lili.meunie@hotmail.fr', NULL, '2017-06-24', 0, 0, 'Strasbourg', 67000, 0, 1, '2002-11-08', 0, '04dce84804b059ef44e5fea2153ec217e7e2c49d', 0, 1, 2, 75),
(492, 0, 0, '1587623374610915', 'Haythem', 'Aladab', NULL, 'haythem_sally@outlook.fr', NULL, '2017-06-24', 0, 0, 'Strasbourg', 67000, 0, 1, '1970-01-01', 0, '059715e746a2e35ba0310f78c960203d31af4687', 0, 1, 1, 75),
(493, 176785585, 176785590, NULL, 'Vincent', 'Gagneux', '51fe83d6f2def57fe7b7b9cabb006b6a9cb200a0', 'vincentgagneux@outlook.com', NULL, '2017-06-24', 0, 0, 'Strasbourg', 67000, 0, 1, '1993-08-10', 0, 'a8a693db1437cd72dd6a88f970caee1dcc469fcf', 0, 1, 1, 75),
(494, 177029285, 177029286, NULL, 'Joël', 'DA SILVA', 'af1586fdd0e2a4b0c388f7da77720aeb9ffbb7bd', 'desilkia.p@outlook.fr', NULL, '2017-06-25', 0, 0, 'Strasbourg', 67000, 0, 1, '2000-10-09', 0, '5cd9febaa7586b5ebab2b9e7413658e9ed250277', 0, 1, 1, 75),
(495, 177063590, 177063591, NULL, 'Florian', 'Ardillon', 'ef85097ccc6bf96bcef69ddc1b45059eaf0aa5e0', 'florian87000@hotmail.fr', NULL, '2017-06-25', 0, 0, 'Strasbourg', 67000, 0, 1, '1992-11-08', 0, '5313ae6e2d4460b526b92526305f31d52f9c712e', 0, 1, 1, 75),
(496, 177226020, 177226027, NULL, 'Oriol', 'Font', '1af0a1dfe799c31ee6545e6ff75f266872d1fa6a', 'manumited@gmail.com', NULL, '2017-06-26', 0, 0, 'Strasbourg', 67000, 0, 1, '1982-04-29', 0, 'e0f23305ee62e87bd15a799cca435272af0d00e5', 0, 1, 1, 75),
(497, 0, 0, '10156315668871040', 'Anne', 'Schnepp', NULL, 'anne.schnepp00@gmail.com', NULL, '2017-06-26', 0, 0, 'Strasbourg', 67000, 0, 1, '1970-01-01', 0, '866c285e3207e8383b066c6a98f90a0d87531dff', 0, 1, 2, 75),
(498, 177276575, 177276576, NULL, 'Benoit', 'Haesen', 'c24fc9ba198b9f286c8195917dd854f05c459796', 'benhaesen@hotmail.com', NULL, '2017-06-26', 0, 0, 'Strasbourg', 67000, 0, 1, '1980-12-15', 0, 'e5fb04474010482156d0d5f68cfa0d31f4f2673d', 0, 1, 1, 75),
(499, 177392876, 177392877, NULL, 'juju', 'ju', '784ec4fb4900f7f95ba40559fd3429dac7c5f7f1', 'juju@yopmaill.com', NULL, '2017-06-26', 0, 0, 'Strasbourg', 67000, 0, 1, '1989-04-17', 0, '942eaa847ab222eadc18f994d7fa9240d2b32606', 0, 1, 1, 75),
(500, 177409542, 177409544, NULL, 'Benoit', 'STOLL', 'b4b80c87fa927e23a67c3481c4a0b501039b19dc', 'benoit.stoll@gmail.com', NULL, '2017-06-26', 0, 0, 'Strasbourg', 67000, 0, 1, '1997-08-09', 0, 'b86aa272e61fa7a4c0500f6ba3cb13cdb5af6f93', 0, 1, 1, 75),
(501, 0, 0, '10211287165708400', 'Sindiana', 'Sinsin', NULL, 'sinsinz@hotmail.com', NULL, '2017-06-26', 0, 0, 'Strasbourg', 67000, 0, 1, '1970-01-01', 0, '98e8425e076791e51c89d093b2382b4efbdfbc2b', 0, 1, 2, 75),
(502, 0, 0, '10155555085517340', 'Vincent', 'Durey', NULL, 'v1cent39@hotmail.com', NULL, '2017-06-27', 0, 0, 'Strasbourg', 67000, 0, 1, '1970-01-01', 0, '19d694a735aa31870e852d75c11726721a6ed60c', 0, 1, 1, 75),
(503, 177619685, 177619687, NULL, 'Patrick', 'Wendling', 'c9d1a0add73ef1cf2059b6afb90b38de412d1141', 'patrick.wendling@neuf.fr', NULL, '2017-06-27', 0, 0, 'Strasbourg', 67000, 0, 1, '1965-04-27', 0, 'c8449ca900f5fe68fbc1fab9433d4d7ab79795d0', 0, 1, 1, 75),
(504, 177664714, 177664723, NULL, 'Yacine', 'Dek', '78e0059cdd03fd0e12a9fd70d827af68651aef32', 'y.dekhli@yahoo.fr', NULL, '2017-06-27', 0, 0, 'Strasbourg', 67000, 0, 1, '1991-02-07', 0, '34452d2103fc03d2abc9ba32bd6ac519cf7c613d', 0, 1, 1, 75),
(505, 177670701, 177670704, NULL, 'Olivier ', 'JEANNEAU', '70bb8cb8f070b17e87698ae53da8210794cb0198', 'olivier.jeanneau@gmail.com', NULL, '2017-06-27', 0, 0, 'Strasbourg', 67000, 0, 1, '1969-03-25', 0, '0ff31e27f6d2ec620f24c1873baccda9d9a58b3d', 0, 1, 1, 75),
(506, 177675822, 177675825, NULL, 'Isabelle', 'Puaud', 'ee5e78399c8c8d6d357ff0b2af9af54d7b795210', 'isabelle.puaud@hotmail.fr', NULL, '2017-06-27', 0, 0, 'Strasbourg', 67000, 0, 1, '1964-06-27', 0, '2b0406d2331ccd677cc99b88546a916d0b0c2e0c', 0, 1, 2, 75),
(507, 177755860, 177755861, NULL, 'Aurélie', 'Duhamel', 'fb72d3ab1500682da279259e8995dbdd2aeb3b3f', 'duhamel.aureliee@gmail.com', NULL, '2017-06-27', 0, 0, 'Strasbourg', 67000, 0, 1, '1992-07-17', 0, 'ba39c0e78e8e7510c9c95e695b99840625d7e014', 0, 1, 2, 75),
(508, 177813926, 177813928, NULL, 'Monica', 'Caprizzi', 'be82de713217278c61cbeef70a15a5daf5cf3baa', 'monica.caprizzi@gmail.com', NULL, '2017-06-27', 0, 0, 'Strasbourg', 67000, 0, 1, '1977-02-13', 0, '46b8049a68fc5a5e11c52ad1e5b3f59ab1483c09', 0, 1, 2, 75),
(509, 177885626, 177885627, NULL, 'Guellor', 'Da silva', '58eb83d4ab2bda0a4dae6e925cc733f621f38221', 'guellor41@gmail.com', NULL, '2017-06-27', 0, 0, 'Strasbourg', 67000, 0, 1, '1983-01-05', 0, '163a002fdf532454a8de9f60d74ad52250dc67b5', 0, 1, 1, 75),
(510, 178161589, 178161590, NULL, 'alberto', 'fernandes', '8ea22e633f9a3e9f411b6e70cf6d0820e599322e', 'alberto_fernandes53@yahoo.fr', NULL, '2017-06-28', 0, 0, 'Strasbourg', 67000, 0, 1, '1967-07-24', 0, 'e8cea9e0edd9c9ebd8d846a9d84f1f76a2807d70', 0, 1, 1, 75),
(511, 178220330, 178220332, NULL, 'Lolita', 'Rivé', '941c7516a61d96c848a2b27cefa758a0b42271f0', 'lolita.rive@hotmail.fr', NULL, '2017-06-28', 0, 0, 'Strasbourg', 67000, 0, 1, '1987-12-25', 0, 'c253e288611814f17bbcecde11573b9e3a8c301d', 0, 1, 2, 75),
(513, 178579379, 178579380, NULL, 'Clémence', 'Tallaron', '47b71f2541255b39e01d7985af677f255ff53f8c', 'clem.tallaron@hotmail.fr', NULL, '2017-06-29', 0, 0, 'Strasbourg', 67000, 0, 1, '1992-12-21', 0, '7133bdf929f7a69e19f28f8413dc07b56e915756', 0, 1, 2, 75),
(514, 178770309, 178770313, NULL, 'Nicolas', 'Vié', 'ef9df1229b0abaa65a7b53513dab91fa229a64c7', 'nicolas.vie88@gmail.com', NULL, '2017-06-29', 0, 0, 'Strasbourg', 67000, 0, 1, '1988-12-27', 0, 'fd52c4c8703ded5c44d371d243c3f161ae494c65', 0, 1, 1, 75),
(515, 178797824, 178797827, NULL, 'Laurent', 'Gaubert', '281c92b559ebf84678a3503b1010626867fc1bda', 'lolo.gaubert@orange.fr', NULL, '2017-06-29', 0, 0, 'Strasbourg', 67000, 0, 1, '1976-11-19', 0, '7e7b7552b29067bc8504845b1cc25fc75f209e86', 0, 1, 1, 75),
(516, 178837722, 178837725, NULL, 'Jerome', 'Larmet', '0cd0440195aaa734e4483e0a23fb4f709f8c0d96', 'larmet.jerome@gmail.com', NULL, '2017-06-29', 0, 0, 'Strasbourg', 67000, 0, 1, '1986-08-02', 0, '2cf3ae67fa2272a64b8448c6a1d129a0d15d8238', 0, 1, 1, 75),
(517, 178840956, 178840957, NULL, 'Laura', 'Quivaux', '0158b551c05d23c2d389da786f086984575aa96a', 'laura.quivaux@gmail.com', NULL, '2017-06-29', 0, 0, 'Strasbourg', 67000, 0, 1, '1992-12-25', 0, '42437fd43ef9173f50382b20b2af8de7b2b32d31', 0, 1, 2, 75),
(518, 179138181, 179138182, NULL, 'Violette', 'Mahéo ', 'caf49d44501fa314b29e41d816cdc064fdfee785', 'violettemaheo@gmail.com', NULL, '2017-06-30', 0, 0, 'Strasbourg', 67000, 0, 1, '1989-02-02', 0, '2e8405a5746b54607c6f2b2223ff00bf964ace28', 0, 1, 2, 75),
(519, 179192760, 179192761, NULL, 'Nathalie ', 'Berthold ', '7161790be61191de6152b17fd95005094a654950', 'berthold.nathalie@gmail.com', NULL, '2017-06-30', 0, 0, 'Strasbourg', 67000, 0, 1, '1987-04-02', 0, '8e97e2adbb257ca5a80167147f651835f8abcdc4', 0, 1, 2, 75),
(520, 179232263, 179232264, NULL, 'Laurent ', 'Fer', 'c93344d273b1419b2f67faf8360d689df75f683c', 'laurent.fer@laposte.net', NULL, '2017-06-30', 0, 0, 'Strasbourg', 67000, 0, 1, '1973-10-21', 0, 'b823f30d6eef0e59e5dbb04bb8e21c826c4bc864', 0, 1, 1, 75),
(521, 179354399, 179354400, NULL, 'Quentin', 'Pottier', '501fbf4dad4ee067d3346232f79b178de9f76389', 'q.pottier08@laposte.net', NULL, '2017-06-30', 0, 0, 'Strasbourg', 67000, 0, 1, '1990-01-11', 0, '7c5fd58e65059420ad881fc9fb11a311e11bf2a0', 0, 1, 1, 75),
(522, 179458157, 179458158, NULL, 'Ahmed ', 'Elkhalki ', '07ead611b1c0a27b1243153d8d7be042ad9a577b', 'ahmedelkhalki@hotmail.fr', NULL, '2017-06-30', 0, 0, 'Strasbourg', 67000, 0, 1, '2001-11-21', 0, 'e8abdd917eea0ab84b1186d1333fde55df05ee87', 0, 1, 1, 75),
(523, 179671807, 179671808, NULL, 'jean', 'berger', '3a991654a865fbf807dd95510f4a0900779236c9', 'jeanthibaut.berger@gmail.com', NULL, '2017-07-01', 0, 0, 'Strasbourg', 67000, 0, 1, '1987-11-28', 0, '1e5df4290bf77a0a2d2514407da3c80e3fa98b9a', 0, 1, 1, 75),
(524, 0, 0, '10213497932104169', 'Amélie', 'Cuny', NULL, 'ameliecuny@voila.fr', NULL, '2017-07-02', 0, 0, 'Strasbourg', 67000, 0, 1, '1970-01-01', 0, '8a3d690f86b2e9bd2c78a64f6dcc60bd2d700d1a', 0, 1, 2, 75),
(525, 180291765, 180291766, NULL, 'OLIVIER', 'AUBRY', '095690f21616274a74af86e4e15ec5aa2c84e5da', 'oaubry1@yahoo.fr', NULL, '2017-07-03', 0, 0, 'Strasbourg', 67000, 0, 1, '1961-12-14', 0, 'f7ea64c70e8cd03e5aa745e366ba837efe58bbd4', 0, 1, 1, 75),
(526, 180396770, 180396773, NULL, 'Philippe', 'Petitgenet', '618713625c74db16372819a26be6e7fd5ddbf645', 'philippe@petitgenet.com', NULL, '2017-07-03', 0, 0, 'Strasbourg', 67000, 0, 1, '1976-08-21', 0, '2bb2497c825109ed1513ada5d2eff86996d20723', 0, 1, 1, 75),
(527, 180449364, 180449366, NULL, 'nicolas', 'Bannwarth', 'a81dbd84476ade0f5d69d09935fb571769ed2278', 'bombate3@hotmail.com', NULL, '2017-07-03', 0, 0, 'Valence', 26000, 673344408, 1, '1985-05-14', 0, '8603cac4383eeff3664f942fce12670456e4daa6', 0, 1, 1, 75),
(528, 180513794, 180513797, NULL, 'Nicolas', 'Vachez', '1efba31146994be313a02f34280fa1e5cc6f2c26', 'nicolas.v@pur-etc.fr', NULL, '2017-07-03', 0, 0, 'Strasbourg', 67000, 0, 1, '1983-12-21', 0, '0dcc0ede2f962e9b7c91e13d888b56470cb48dfd', 0, 1, 1, 75),
(529, 180554610, 180554611, NULL, 'Houcine', 'Dassouli', 'f52477508f09e248e12166dcaef820f74653b3fe', 'houcine.dassouli@gmail.com', NULL, '2017-07-03', 0, 0, 'Paris', 75014, 68401646, 1, '1990-06-04', 0, '54f0b4b3e08ec0e62c181e882425a0d760f857af', 0, 1, 1, 75),
(530, 181090787, 181090788, NULL, 'Victor', 'Holveck', '385a8264b02fee77f77022ee3e821e717d37f619', 'mr.potatoes67@gmail.com', NULL, '2017-07-04', 0, 0, 'Strasbourg', 67000, 0, 1, '1993-08-05', 0, '34e1b30b110509d29cf0a24ee6360efc49178078', 0, 1, 1, 75),
(531, 181531718, 181531719, NULL, 'Gabin', 'Felder', 'd2459807609e7d45b9e01f104252d624973006e0', 'gab.felder@orange.fr', NULL, '2017-07-05', 0, 0, 'Strasbourg', 67000, 0, 1, '1996-04-26', 0, '5cd00afd632fb5255b4d741d732f189e9ac74aeb', 0, 1, 1, 75),
(532, 182298667, 182298668, NULL, 'Clara', 'Young', '200c7c3624d9da69768f72d86765bb4e45d28544', 'clara.y.young@gmail.com', NULL, '2017-07-07', 0, 0, 'Strasbourg', 67000, 0, 1, '1965-09-02', 0, '429cc135ca072e03fb8d38350a014ed28eafe075', 0, 1, 2, 75),
(533, 0, 0, '672743856258830', 'Marc', 'LO', NULL, 'pollol31@hotmail.fr', NULL, '2017-07-08', 0, 0, 'Strasbourg', 67000, 0, 1, '1970-01-01', 0, 'c47796bc899637a7093733bf126d6f492a209aed', 0, 1, 1, 75),
(534, 182575139, 182575140, NULL, 'Ayume', 'Aono Alves de Souza', 'a6b6ea31c49a8e944efe9ecbc072a26903a1461a', 'ayume_ri@hotmail.com', NULL, '2017-07-08', 0, 0, 'Strasbourg', 67000, 0, 1, '1991-05-10', 0, '17b2debe8854e0f6ace2ba376b1aa85ca16c3ee5', 0, 1, 2, 75),
(535, 182845703, 182845705, NULL, 'Hugues', 'HAEFFNER', '9fb2e006f31fe21db40d932b61b7596383b9ec36', 'haeffner@free.fr', NULL, '2017-07-08', 0, 0, 'Strasbourg', 67000, 0, 1, '1970-07-19', 0, 'bd59cfd17ade87cacf4598356cd81219d7343fdb', 0, 1, 1, 75),
(536, 182846622, 182846623, NULL, 'victoire', 'rerolle', '0880863af587adadf38815c6a1a295529d7d5c0c', 'victoirererolle@yahoo.fr', NULL, '2017-07-08', 0, 0, 'Strasbourg', 67000, 0, 1, '1986-06-18', 0, '440a95964aad2740c3be7e41c08774d150a6ac20', 0, 1, 2, 75),
(537, 183048329, 183048334, NULL, 'valerie', 'moreau', 'cb0faa3a7dabb1d23cbb702d2c7c81661adcc0a2', 'valeriemoreau06@gmail.com', NULL, '2017-07-09', 0, 0, 'Strasbourg', 67000, 0, 1, '1975-08-28', 0, '793ffd8ef4db641707ecfb921d52e06b24870c76', 0, 1, 2, 75),
(538, 183074754, 183074755, NULL, 'lina', 'lescure', '7aa129f67fde68c6d88aa58b8b8c5c28eb7dd3a3', 'lina.lescure@orange.fr', NULL, '2017-07-09', 0, 0, 'Strasbourg', 67000, 0, 1, '1994-09-20', 0, '15bda094af08b8a29f44a538b72dfba9c621e608', 0, 1, 1, 75),
(539, 183309908, 183309909, NULL, 'Jonas', 'Gnad', '93b0affe3ba7d1086907bb9295e730aeba8ceb2a', 'jonasgnad@gmail.com', NULL, '2017-07-10', 0, 0, 'Strasbourg', 67000, 0, 1, '1988-10-06', 0, 'b2aeb8cce4b3ee0a6ba05f1077c5707b21b0f580', 0, 1, 1, 75),
(540, 183953806, 183953810, NULL, 'Margaux', 'EHRET', '601e8280a11959d42ab65b185c271aa25bc78b67', 'margaux.ehret@hotmail.fr', NULL, '2017-07-11', 0, 0, 'Strasbourg', 67000, 0, 1, '1989-01-22', 0, '43963efe528442e6cfedbcd08d5ca6bd0bc16714', 0, 1, 2, 75),
(541, 184131275, 184131277, NULL, 'Babolat ', 'Partouche ', '6ea4738118cf2c231b92947da7c7b59d8e40d2ba', 'yhghn@evc.net', NULL, '2017-07-12', 0, 0, 'Strasbourg', 67000, 0, 1, '1990-05-04', 0, 'cfadb4330b128076635c4cf54f1c77b6443b83d4', 0, 1, 1, 75),
(542, 184162094, 184162095, NULL, 'Aurelie', 'Bacheley', 'b72c14073d49981ded49209e6f336ced0b638d6c', 'aureliebacheley@gmail.com', NULL, '2017-07-12', 0, 0, 'Strasbourg', 67000, 0, 1, '1991-03-16', 0, '2200f445d38819d14df6e4cb5781520fe3ec7ba2', 0, 1, 2, 75),
(543, 184784723, 184784726, NULL, 'Julien', 'DUBREUIL', '5307c30cdd87c68d7081923263089e6b92b2f678', 'jdubreuil.julien@gmail.com', NULL, '2017-07-13', 0, 0, 'Strasbourg', 67000, 0, 1, '1986-09-03', 0, '29419f2a2f60b8f357c87bc73da21e64557969fb', 0, 1, 1, 75),
(544, 0, 0, '10154487973330213', 'Fabien', 'Moreau', NULL, 'fabienmoreau@gmail.com', NULL, '2017-07-13', 0, 0, 'Strasbourg', 67000, 0, 1, '1970-01-01', 0, '6bfe2ead24e53e9b2ccbc080ba4d658f9881d44a', 0, 1, 1, 75),
(545, 185424531, 185424535, NULL, 'Bizos', 'Panos', '5baa61e4c9b93f3f0682250b6cf8331b7ee68fd8', 'panabeer@yahoo.com', NULL, '2017-07-15', 0, 0, 'Strasbourg', 67000, 0, 1, '1982-02-18', 0, '8d322c5b3a4b15ca2ec55ba6d2a2f867a3f81781', 0, 1, 1, 75),
(546, 186186718, 186186719, NULL, 'Armel', 'Vasseur ', '2a64d4af715990cbb08d787529108f0d704b1738', 'kxrmch@hotmail.fr', NULL, '2017-07-17', 0, 0, 'Strasbourg', 67000, 0, 1, '1969-07-04', 0, '9810b02b0e23d13b6cfe0b70b55c432a438c01c9', 0, 1, 1, 75),
(547, 186294293, 186294294, NULL, 'Preston', 'Paul', '07db25ec0ccdb02c5de94a6662d1319fce06d552', 'paulpsy@telus.net', NULL, '2017-07-18', 0, 0, 'Strasbourg', 67000, 0, 1, '1959-03-22', 0, '358ecb064b0236ab59a5f3fab5d3c40e0b647fcc', 0, 1, 1, 75),
(548, 186304067, 186304068, NULL, 'emilie', 'naudin', '2cae3f9d1f6a4b31a9768e9d62096090462b0100', 'emilie-naudin@hotmail.fr', NULL, '2017-07-18', 0, 0, 'Strasbourg', 67000, 0, 1, '1986-06-16', 0, 'ab6bc9ee01077f3ff0b43ca873901e90e78e4d50', 0, 1, 2, 75),
(549, 0, 0, '10213715388708292', 'Jonathan', 'Giamporcaro', NULL, 'jonathan.giamporcaro@gmail.com', NULL, '2017-07-18', 0, 0, 'Strasbourg', 67000, 0, 1, '1970-01-01', 0, 'ba04c00cc4ff4b567244f005d67fedfffc56a855', 0, 1, 1, 75),
(550, 187878179, 187878180, NULL, 'Paul', 'Durand', 'f4884f434673d2d9bb25353b384575681d6eddff', 'contact.vpdc@gmail.com', NULL, '2017-07-22', 0, 0, 'Strasbourg', 67000, 0, 1, '1969-03-23', 0, '96b01478e5926a78d5dc6db8bd23b27e847afd3c', 0, 1, 1, 75),
(551, 187915472, 187915475, NULL, 'jean', 'wellia', 'f2c6085673a7b22ad9a9a92abf13c9071ef911d1', 'velnojp@gmail.com', NULL, '2017-07-22', 0, 0, 'Strasbourg', 67000, 0, 1, '1987-04-18', 0, '44fa00d0e5007aa11dacbcdbddce14ee06459ea2', 0, 1, 1, 75),
(552, 188219769, 188219770, NULL, 'Clement', 'Belkaid', 'a676e782eed973c0aaa8348af171698ab31f6c77', 'c.belkaid@gmail.com', NULL, '2017-07-23', 0, 0, 'Strasbourg', 67000, 0, 1, '1984-07-20', 0, 'a9379fc21c9e047b9860c75997bdbde1c73657ac', 0, 1, 1, 75),
(553, 188511950, 188511953, NULL, 'caroline', 'VUAILLAT', 'a98c0601bcdafa841be397c04913dcae1d5be8eb', 'vuaillat@laposte.net', NULL, '2017-07-24', 0, 0, 'Strasbourg', 67000, 0, 1, '1974-05-28', 0, 'cb33e83ca501569a337702a7fa3d912cd7f06809', 0, 1, 2, 75),
(554, 0, 0, '1533519336692035', 'Olivier', 'MV', NULL, 'webmarketing@mediaveille.com', NULL, '2017-07-24', 0, 0, 'Strasbourg', 67000, 0, 1, '1970-01-01', 0, '30646ee20f28c9065e820d4a1d4f84f04bb0dd75', 0, 1, 1, 75),
(555, 189677947, 189677948, NULL, 'Maxime', 'LENTZ', '7b146d207a1ef886836b5a808748ee983fa13485', 'lentzmaxime@laposte.net', NULL, '2017-07-27', 0, 0, 'Strasbourg', 67000, 0, 1, '1989-10-20', 0, 'e38cde31d198404153b12edf4965d160e1e7e6c2', 0, 1, 1, 75),
(556, 189704910, 189704911, NULL, 'Lucie', 'Hartmann', '6cd6859a253d86c9fceb6c0cbdf679431b312d9a', 'hartmann.lucie@gmail.com', NULL, '2017-07-27', 0, 0, 'Strasbourg', 67000, 0, 1, '1991-12-21', 0, 'b029949088cf45bc4684bd7af8b5c54d88864849', 0, 1, 2, 75),
(557, 189983793, 189983794, NULL, 'Loris', 'Kieffel', '65482014c713a00d2ce2fc85fdb5a0b17685f238', 'Loris.kieffel38440@gmail.com', NULL, '2017-07-28', 0, 0, 'Strasbourg', 67000, 0, 1, '1999-05-23', 0, 'a7afcc99e5e729450fdd2778c879dbeef1d4cd06', 0, 1, 1, 75),
(558, 190011187, 190011188, NULL, 'Mohamed Khalil', 'LABIDI', '27a8ef17bdda109b52c7d2cdbf1a1c09a45a381e', 'mohamed.khalil.labidi@gmail.com', NULL, '2017-07-28', 0, 0, 'Strasbourg', 67000, 0, 1, '1986-03-02', 0, '4ac0679d4f8b272d019160fa34ff5e2c006ed112', 0, 1, 1, 75),
(559, 190117608, 190117609, NULL, 'Franck', 'Roubieu', '9fd52ec23162a6327bd55f0e587848048e8b5fc6', 'fbilone@gmail.com', NULL, '2017-07-28', 0, 0, 'Strasbourg', 67000, 0, 1, '1973-04-29', 0, '8ffb9697872400569a4026053b25299d31e1cbc1', 0, 1, 1, 75),
(560, 0, 0, '10155450641301067', 'Marine', 'Db', NULL, 'marinegdb@gmail.com', NULL, '2017-07-28', 0, 0, 'Strasbourg', 67000, 0, 1, '1970-01-01', 0, '691a4a6685d325e7b3eb01153abcb569de433520', 0, 1, 2, 75),
(561, 190447491, 190447493, NULL, 'Caroline', 'Noblet', '98881be5a343513f5f827a463cf800ced3b81630', 'caroline.noblet@gmail.com', NULL, '2017-07-29', 0, 0, 'Strasbourg', 67000, 0, 1, '1988-04-10', 0, 'a4222affd18f0b9739103ff534e44624d0c0458b', 0, 1, 2, 75),
(562, 190963299, 190963300, NULL, 'Jean', 'Cezar', 'f4d866d202832ab495de2a7cd24f7c085ebd3c90', 'madatv84@gmail.com', '562wesh.jpg', '2017-07-31', 0, 0, 'Avignon', 84000, 637676438, 1, '1976-06-26', 0, '6c49f67f9cdf1a8328f8b4701997f7b5c309d6ac', 0, 1, 1, 75),
(563, 191866627, 191866628, '10155619651074100', 'Sébastien', 'Biaudet', '4728c97735f0e6053e899549bd6526bc2bd4d63e', 'sebastien.biaudet@gmail.com', NULL, '2017-08-02', 0, 0, 'REIMS', 51100, 678916736, 1, '1977-10-21', 0, 'e6cc44e2f33863729000aa2ca55be7611ac6dfad', 0, 1, 1, 75),
(564, 191851382, 191851383, NULL, 'mike', 'merny', '303aba8b0960c6bdc56e0e6e3019acd2ba9748d2', 'zoulers@live.fr', NULL, '2017-08-02', 0, 0, 'Strasbourg', 67000, 0, 1, '1983-07-18', 0, '110ef3a003e03cf961eb3b36f81ea79be6d46a98', 0, 1, 1, 75),
(565, 191865675, 191865676, NULL, 'Jérôme', 'Bellier', '7d03e73f93dc66c472d76cfd93cce31282e482fa', 'belpub@orange.fr', NULL, '2017-08-02', 0, 0, 'Strasbourg', 67000, 0, 1, '1990-10-20', 0, 'd258cf92b7ee3ca661955d9a881eb12af86b9678', 0, 1, 1, 75),
(566, 191892699, 191892700, NULL, 'Masao', 'Sette', '86339e0230627c9b286d291478b05b7e3983d034', 'niakoss@hotmail.com', NULL, '2017-08-02', 0, 0, 'Strasbourg', 67000, 0, 1, '1987-12-04', 0, '38cf51bc02e5aca67d6f9b5c5a7fc2eca3c4e827', 0, 1, 1, 75),
(567, 191899124, 191899126, NULL, 'Morgan', 'Prigent', '9e90834266928e6b8dc1f7b5820a062cd9b94b3a', 'morgan.prigent@free.fr', '567IMG_0634.JPG', '2017-08-02', 0, 0, 'Rezé', 44400, 614308051, 1, '1974-03-11', 0, 'efbca7d369b8dfeb16f408dea454697e4fc558e4', 0, 1, 1, 75),
(568, 0, 0, '10154822296072544', 'Simon', 'O\'Papon', NULL, 'simon.975@gmail.com', NULL, '2017-08-02', 0, 0, 'Strasbourg', 67000, 0, 1, '1970-01-01', 0, '68cbaa08ad88501ba786e514f410db0adb6fa230', 0, 1, 1, 75),
(569, 0, 0, '1701114633264402', 'Olivier', 'Burine', NULL, 'j.burine372@orange.fr', NULL, '2017-08-02', 0, 0, 'Strasbourg', 67000, 0, 1, '1970-01-01', 0, '7f86e28e72a0a84d9d65299f20c4550afe053eb3', 0, 1, 1, 75),
(570, 191935285, 191935288, NULL, 'Rémi', 'Herbert', 'cc15c9a11b51e088257710cb4e24faf86d5983e1', 'herbertremi@gmail.com', NULL, '2017-08-02', 0, 0, 'Strasbourg', 67000, 0, 1, '1987-06-12', 0, '349fecfa12de938210c97f16467f7efc1d88e357', 0, 1, 1, 75),
(571, 0, 0, '10213820720091717', 'Julien', 'Vitse', NULL, 'julien59dk_@hotmail.fr', NULL, '2017-08-02', 0, 0, 'Strasbourg', 67000, 0, 1, '1970-01-01', 0, '3c0a5b9df347d716d05c992b3de6d920d1b761cb', 0, 1, 1, 75),
(572, 191961504, 191961505, NULL, 'Michael', 'Dellat', '3616124ec73126f03a8df4008289b0227f4897d7', 'michael.dellat@gmail.com', NULL, '2017-08-02', 0, 0, 'Strasbourg', 67000, 0, 1, '1971-06-12', 0, 'bc4ebb53b92198c8173140990eef4bdcadeba76c', 0, 1, 1, 75),
(573, 192042726, 192042729, NULL, 'Luiza', 'Afek', 'aba5ceca4804611a143b465024f836bbb671daa1', 'afeluiza@gmail.com', NULL, '2017-08-02', 0, 0, 'Strasbourg', 67000, 0, 1, '1980-02-07', 0, 'c535f4438f5e4f41ed06eb9bd45b30c61baf3910', 0, 1, 2, 75),
(574, 192099140, 192099141, NULL, 'Ahmet ', 'Kenan', 'c041094e1264d0f587bcedcb87b141be2337f175', 'a.kenan@yahoo.fr', NULL, '2017-08-03', 0, 0, 'Strasbourg', 67000, 0, 1, '1983-11-25', 0, 'd00aeac7c77f7fbc66a55683e05c927f899cf1d8', 0, 1, 1, 75),
(575, 192102826, 192102827, NULL, 'Dorian', 'Lasserre', '02a6f100daae7efe25d49ae1a6d5f66e38cd768d', 'acheting@gmail.com', NULL, '2017-08-03', 0, 0, 'Strasbourg', 67000, 0, 1, '1985-06-30', 0, '3e0752b5646064ab5c86ffb1a149cee83222da39', 0, 1, 1, 75),
(576, 192120053, 192120054, NULL, 'Nicolas', 'ANDRE', 'cf9d9c2b915e0e26827aa506e3af32b34a14a7b6', 'nicovtt13@gmail.com', NULL, '2017-08-03', 0, 0, 'Strasbourg', 67000, 0, 1, '1967-03-25', 0, 'd50d749c9495027cf87931276dac7cd05a17c356', 0, 1, 1, 75),
(577, 192242054, 192242055, NULL, 'Ludovic', 'Rocroy', '5772fecf8a7013b1a8deceadb4227a6d540b374a', 'ludovic_rocroy@hotmail.com', NULL, '2017-08-03', 0, 0, 'Strasbourg', 67000, 0, 1, '1980-08-23', 0, '8c96780d68d151cb555686f88439925a6d3db0fc', 0, 1, 1, 75),
(578, 192419227, 192419228, NULL, 'jocelyn', 'herault', '0b3f06a5fa1f011c6e4b41957639475ae397d905', 'jocelyn.herault@wanadoo.fr', NULL, '2017-08-03', 0, 0, 'Strasbourg', 67000, 0, 1, '1964-08-23', 0, '196207d076dfd4c874f93a79fc2d1a6243498987', 0, 1, 1, 75),
(579, 192434275, 192434276, NULL, 'Alexis', 'Fosse', 'edd41bee33da190b8ffc870679a1ebb0da36c91c', 'atn24@yahoo.fr', NULL, '2017-08-03', 0, 0, 'Strasbourg', 67000, 0, 1, '1986-03-18', 0, '4c14162adec535437fdb61a5fc0147b68210b03e', 0, 1, 1, 75),
(580, 0, 0, '1374602152608532', 'Framboise', 'Emmajeanne', NULL, 'francoiseroux03@hotmail.fr', NULL, '2017-08-04', 0, 0, 'Strasbourg', 67000, 0, 1, '1970-01-01', 0, '5b8fd07bfeb2862c2555a576d1697441ff813626', 0, 1, 2, 75),
(581, 192856506, 192856509, NULL, 'Jean-Loup', 'Ungerer', '69c9cd73b8a4f088a61f0d92731483ac4e2d5c67', 'firstfamily4life@hotmail.com', NULL, '2017-08-05', 0, 0, 'Strasbourg', 67000, 0, 1, '1986-09-22', 0, '5190ccc414effb5837c4ebc6f69c23f2dd35235a', 0, 1, 1, 75),
(582, 192961907, 192961910, NULL, 'Thierry', 'ROCHER', '195699d3fca983a7317fba008d1597e52787f4f4', 'rocherthierry@hotmail.com', NULL, '2017-08-05', 0, 0, 'Strasbourg', 67000, 0, 1, '1976-01-01', 0, '900ad0ca0c51edf558fe3d40a39482b37000ae43', 0, 1, 1, 75),
(583, 193025705, 193025706, NULL, 'Sylvain', 'Dupouy', '758f7ab6b32583fd7397b518641ce40ee17a6bc8', 'dupouys@hotmail.fr', NULL, '2017-08-05', 0, 0, 'Strasbourg', 67000, 0, 1, '1982-02-23', 0, '2a8a5bef8c6f3d6039a490de2bfd30a491564f28', 0, 1, 1, 75),
(584, 193089555, 193089556, NULL, 'Benedicte', 'Mathey', '9210823bd754e4b8ba253ad5c3161220f8696915', 'mathey-fuss.benedicte@orange.fr', NULL, '2017-08-05', 0, 0, 'Strasbourg', 67000, 0, 1, '1976-07-22', 0, 'cf3e31d6e0b49718aef1c007f0cf528704645e44', 0, 1, 2, 75),
(585, 193290826, 193290834, NULL, 'Christophe', 'Monnet', 'cd69ff7ba5e9d999ae1bf3053211ead159b54678', 'christophe.monnet@yahoo.fr', NULL, '2017-08-06', 0, 0, 'Strasbourg', 67000, 0, 1, '1967-11-06', 0, '286e230e64ec5bdf355dca1ff120ac33dcae98b2', 0, 1, 1, 75),
(586, 193331731, 193331732, NULL, 'Nicolas', 'Leroy', 'aeb6b2d71bab152ed2c778df8cf4bab46bf0c9fb', 'nl@gfree.fr', NULL, '2017-08-06', 0, 0, 'Strasbourg', 67000, 0, 1, '1984-11-14', 0, 'b41586be5130d577f1274ab4bd59291d35b1b799', 0, 1, 1, 75),
(587, 193482144, 193482145, NULL, 'Sé', 'Bah', 'f3c450ca33b7f841646c6356f3c2543ccb5b7af6', 'couic@lavache.com', NULL, '2017-08-07', 0, 0, 'Strasbourg', 67000, 0, 1, '1972-01-04', 0, 'f1e3ac82610519d094de4496f662f41b49f5cd55', 0, 1, 1, 75),
(588, 193532445, 193532446, NULL, 'Hélène ', 'MOQUET', '49b1c77c5123a29193afa232b9f18747eccaeb70', 'helene.moquet@orange.fr', NULL, '2017-08-07', 0, 0, 'Strasbourg', 67000, 0, 1, '1969-11-19', 0, '61ab7c1a839cd0e540c0980ae0d51291afbdea4c', 0, 1, 2, 75),
(589, 193538859, 193538862, NULL, 'Jean-Baptiste', 'Dusart-Marquet', '1c72aa7fbfe99decf36b75d803085ee89c0c5e63', 'jb.dusart@gmail.com', NULL, '2017-08-07', 0, 0, 'Strasbourg', 67000, 0, 1, '1987-02-18', 0, '4a8cf9a41771d16d4df599a192304db0e40bcaf1', 0, 1, 1, 75),
(590, 0, 0, '10213167642321564', 'Matthieu', 'Kihn', NULL, 'matthieu.kihn@gmail.com', NULL, '2017-08-07', 0, 0, 'Strasbourg', 67000, 0, 1, '1970-01-01', 0, '6da93465c4da6879b82fad2c3b7ed209d9c3c734', 0, 1, 1, 75),
(591, 193891614, 193891615, NULL, 'Paul', 'Rouanet', '0966748f1f5615ce668b99905ce1668bd7060e4e', 'rouanet.paul@hotmail.fr', NULL, '2017-08-08', 0, 0, 'Strasbourg', 67000, 0, 1, '1994-02-09', 0, '72bf393e8e731c1fa5d06f8ae9ba6642410910a1', 0, 1, 1, 75),
(592, 194013675, 194013678, NULL, 'Pierre', 'Guichard', '3187c591b24359f0d6dff23318434bb2385d28a2', 'pierre.guichard77@gmail.com', NULL, '2017-08-08', 0, 0, 'Strasbourg', 67000, 0, 1, '1990-01-13', 0, '90802c2cf66fd0f8e62adaeb25264ba5cdbd428b', 0, 1, 1, 75),
(593, 194097498, 194097500, NULL, 'Virginie ', 'MARECHAL ', '2ba8c32d7d7acb7ebb6d238e645ccbce5a206fb0', 'virgimarechal@hotmail.com', NULL, '2017-08-08', 0, 0, 'Strasbourg', 67000, 0, 1, '1976-11-07', 0, 'b143ebf66616f655cf4898b3bbfe1ee01418f9eb', 0, 1, 2, 75),
(594, 194743341, 194743348, NULL, 'Alexandre', 'GAUQUELIN', '49e2eab72cb3ca1969a90193e9b6c867bd691553', 'alex.gauquelin@gmail.com', NULL, '2017-08-10', 0, 0, 'Strasbourg', 67000, 0, 1, '1985-12-18', 0, '74f4eff790f5d096c36475a1d1c07623f869d245', 0, 1, 1, 75),
(595, 194799714, 194799719, NULL, 'Isaac', 'Mane', '834227ae56ded7e1cceb95919f423a317c144ff1', 'itzako@gmail.com', NULL, '2017-08-10', 0, 0, 'Strasbourg', 67000, 0, 1, '1981-12-06', 0, '1b8f8520b2f0a433e1c8c6b830871f9f41bd34c1', 0, 1, 1, 75),
(596, 194966879, 194966880, NULL, 'alexandre', 'paulet', '8cbcb375ebba93619547427099dd960b9da08869', 'alexandre.biocoop@gmail.com', NULL, '2017-08-10', 0, 0, 'Strasbourg', 67000, 0, 1, '1977-11-05', 0, '152d226d82d2d28ee265c5a2f36b2eace3c49daa', 0, 1, 1, 75),
(597, 195571854, 195571855, NULL, 'PIERRE', 'CLEMENT', 'ee59a1c0450ee79a91a659f53e97355372e15f0f', 'pierrotclem1975@gmail.com', NULL, '2017-08-12', 0, 0, 'Strasbourg', 67000, 0, 1, '1975-02-04', 0, '70d6813892de5f79eda4938a90d8f72011ba49e2', 0, 1, 1, 75),
(598, 195776822, 195776825, NULL, 'philippe', 'Etyngier', 'aac1ba43289ffe0c2ab662607528d2c4ec214c98', 'philety@hotmail.com', NULL, '2017-08-13', 0, 0, 'Strasbourg', 67000, 0, 1, '1979-03-17', 0, '47369bba407b8e42dc4c486c5c440de330702ab2', 0, 1, 1, 75),
(599, 196012738, 196012739, NULL, 'Sue', 'Duong', 'cc3f764a8ca1b6183229862a22423331063adcd7', 'shuey-shyen@hotmail.fr', NULL, '2017-08-14', 0, 0, 'Strasbourg', 67000, 0, 1, '1991-12-28', 0, 'fb4b57d7c791376eeb523e861020f994ba81ce46', 0, 1, 2, 75),
(600, 196266731, 196266734, NULL, 'lucie', 'pfister', 'e0118aa323570713130fe37fa051b9a89cef63c5', 'lucie.pfister@gmail.com', NULL, '2017-08-15', 0, 0, 'Strasbourg', 67000, 0, 1, '1988-08-30', 0, '375eda6b284d3cbabcf2f7e6c35009fd9f2a95c2', 0, 1, 2, 75),
(601, 196394496, 196394497, NULL, 'Romain', 'Larpent', '1ed30b29b0ada47ad2e8fb65590fa326c6c37092', 'rlarpent@yahoo.fr', NULL, '2017-08-15', 0, 0, 'Strasbourg', 67000, 0, 1, '1978-10-20', 0, 'b05271f8039784f400e0c67a4bcd2bd4c80ace25', 0, 1, 1, 75),
(602, 196570602, 196570603, NULL, 'David', 'Chabale', '1473f9f24fa19c50ea546b8bb2993cd4c9538704', 'Chabaledavid@hotmail.fr', NULL, '2017-08-16', 0, 0, 'Strasbourg', 67000, 0, 1, '1988-03-27', 0, '7a2e0bf1c3d25a29a2e4f56493e1c2a3cb142013', 0, 1, 1, 75),
(603, 196577763, 196577765, NULL, 'Ali', 'Chettah', '77ef0aab997174730392bf69ef92b64d847aad49', 'ali.chettah@hotmail.fr', NULL, '2017-08-16', 0, 0, 'Strasbourg', 67000, 0, 1, '2000-01-01', 0, '232e7d4d08afd613847654c1f5db33703b2095d2', 0, 1, 1, 75),
(604, 196580652, 196580653, NULL, 'NICOLAS', 'LOZAY', '3a7e674b409eac2b4eb4cffac01e8205a7a88768', 'nicolaslozay@hotmail.com', NULL, '2017-08-16', 0, 0, 'Strasbourg', 67000, 0, 1, '1980-03-20', 0, 'ba33ba3e559cd312e739aebf31383e80d99ba4a3', 0, 1, 1, 75),
(605, 196595028, 196595029, NULL, 'Fanny', 'GEOFFROY ', 'ee6b738e2acb87bbd8e78bd3ca92ef7ca5777776', 'goldanorak@cegetel.net', NULL, '2017-08-16', 0, 0, 'Strasbourg', 67000, 0, 1, '1979-05-22', 0, 'a283653cc5f26bba5c1c0cfe4fc3c190ea1838b2', 0, 1, 2, 75),
(606, 196596050, 196596051, NULL, 'Jeremy', 'Boncourre', 'ab59ac2ca7040c4c90dc477ab361724146469941', 'Wazabiii31@gmail.com', NULL, '2017-08-16', 0, 0, 'Strasbourg', 67000, 0, 1, '1984-02-06', 0, 'a040eaaa1b205de0b4c0a00be62bdbbda55e869e', 0, 1, 1, 75),
(607, 196604094, 196604095, NULL, 'Fabienne', 'Zamparini', '8920b674a5b037da9469a119701273ceac99dd60', 'latalaf@gmail.com', NULL, '2017-08-16', 0, 0, 'Strasbourg', 67000, 0, 1, '1981-09-27', 0, '1467cfeef40c56db9b3765a66d721e0069176eff', 0, 1, 2, 75),
(608, 196655839, 196655840, NULL, 'David', 'Guichaoua', '80a84ef853dc58c783aa6bc4d0338a5fde24c17a', 'davidguichaoua@gmail.com', NULL, '2017-08-16', 0, 0, 'Strasbourg', 67000, 0, 1, '1980-04-24', 0, '55dd071fb50ae9210fde742443894fe952d5688c', 0, 1, 1, 75),
(609, 196678785, 196678786, '10155803088939124', 'Pierre', 'Lefevre', '2087bf505306c06c2e66939f22859b03b437e311', 'pierrelefevre1@gmail.com', '609Profile Pic.jpg', '2017-08-16', 0, 0, 'Paris', 75018, 770565768, 1, '1990-04-29', 0, 'd93b04a043b8377dd46728233c43ea5537907e64', 0, 1, 1, 75),
(610, 0, 0, '10214356113836021', 'Aurore', 'Lqt', NULL, 'clea.59@hotmail.fr', NULL, '2017-08-16', 0, 0, 'Strasbourg', 67000, 0, 1, '1970-01-01', 0, 'e7d8c45c1ba7b4ffa10a5941f89fa296ae5f83ab', 0, 1, 2, 75),
(611, 0, 0, '10155486572373467', 'Ciaran', 'O\'Leary', NULL, 'ciaran.oleary71@gmail.com', NULL, '2017-08-17', 0, 0, 'Strasbourg', 67000, 0, 1, '1970-01-01', 0, '79eb461a150bfc045cdd3ecbd9a329ce12228da8', 0, 1, 1, 75),
(612, 197054616, 197054617, NULL, 'Victor ', 'Guyot', 'f0350d307c3d9551ccc8d0f7cd7adaa3616d87ac', 'victor.guyot2@gmail.com', NULL, '2017-08-17', 0, 0, 'Strasbourg', 67000, 0, 1, '1986-08-06', 0, '6da0515c98d08bb122aac3b3cd666b8dc6c55eb6', 0, 1, 1, 75),
(613, 197081891, 197081892, NULL, 'Lorelyne', 'Lejay', '2a10b9fd6a62376436bec4f936dd44c210a07f1e', 'lorelyne.lejay@gmail.com', NULL, '2017-08-17', 0, 0, 'Strasbourg', 67000, 0, 1, '1996-06-18', 0, '3d8832feecc97d174036dc74d1f5cbe187b1bd52', 0, 1, 2, 75),
(614, 197122579, 197122580, NULL, 'Karine ', 'Perard ', '5fa5998ba39f3b322f34f1383d45e2401c7f80a8', '7klolo3@orange.fr', NULL, '2017-08-17', 0, 0, 'Strasbourg', 67000, 0, 1, '1972-05-05', 0, '8716be7ccd6dcf4170bdb2faffe2253fef5e7c10', 0, 1, 2, 75),
(615, 197158180, 197158181, NULL, 'Melanie', 'Auffret', '303cfe3681b324f7e987e4aa3c9a088f0f5f3f95', 'melanie.auffret@eicar.me', NULL, '2017-08-17', 0, 0, 'Strasbourg', 67000, 0, 1, '1991-05-23', 0, '31a7e1ff0592d8fed5b63c964d8f4c8278e8e225', 0, 1, 2, 75),
(616, 197468937, 197468938, NULL, 'Toto', 'Lolo', '6a33d91000fb91f8719900990ca33e99c714a36d', 'totololo@free.fr', NULL, '2017-08-18', 0, 0, 'Strasbourg', 67000, 0, 1, '1969-06-25', 0, '6bf494fd49ebe7914ff6c85cfceea17ca50e6c88', 0, 1, 1, 75),
(617, 197819718, 197819719, NULL, 'CORINNE', 'FINCK', '3102a02a16ab04bc45eaeb8dce8b10703513d843', 'finck.corinne@gmail.com', NULL, '2017-08-19', 0, 0, 'Strasbourg', 67000, 0, 1, '1963-05-12', 0, '5108a868ffbf241b43ad98e694a0b88bc4470323', 0, 1, 2, 75);
INSERT INTO `membre` (`id`, `id_mangopay`, `id_wallet`, `id_facebook`, `prenom`, `nom`, `password`, `email`, `avatar_image`, `date_inscription`, `nb_velo_emprunte`, `nb_velo_prete`, `ville`, `code_postal`, `tel`, `tel_public`, `date_naissance`, `membre_verifie`, `key_mdp`, `points`, `indic_tel_id`, `genre_id`, `pays_id`) VALUES
(618, 0, 0, '1401919169856220', 'Nicolas', 'Poix', NULL, 'nicolaspoix@gmail.com', NULL, '2017-08-19', 0, 0, 'Strasbourg', 67000, 0, 1, '1970-01-01', 0, '88fddad22debf403515fb14d5e697384d48ad4c5', 0, 1, 1, 75),
(619, 197965754, 197965757, NULL, 'VALLEE', 'MARYSE', '7fd33351212eab98c619c02916374ed1bf65112d', 'FABLedevenise@gmx.fr', NULL, '2017-08-20', 0, 0, 'Strasbourg', 67000, 0, 1, '1959-11-22', 0, '8daf1060f5132a3de22196c33d61697295f5bb6e', 0, 1, 2, 75),
(620, 198151102, 198151103, NULL, 'Florian', 'TAMISIER', '9762c95163a4792457438b63a403129fa7739b22', 'flotamisier@gmail.com', NULL, '2017-08-20', 0, 0, 'Strasbourg', 67000, 0, 1, '1995-10-26', 0, '15bd3abade982b6d45987c843cd7015f217ba8bf', 0, 1, 1, 75),
(621, 198160275, 198160276, NULL, 'Cecile', 'Fassel', '59c90bb9a4b6bf2b547703291b2315d94ac334e0', 'style.espace@gmail.com', NULL, '2017-08-20', 0, 0, 'Strasbourg', 67000, 0, 1, '1979-12-10', 0, 'e3c642f3e71989990c0dc49104191f75d7c53bd6', 0, 1, 2, 75),
(622, 198670537, 198670541, '10155652129821670', 'Yannis', 'Kebbati', 'da39a3ee5e6b4b0d3255bfef95601890afd80709', 'yannis.kebbati@gmail.com', NULL, '2017-08-21', 0, 0, 'Grenoble', 38000, 663213853, 1, '1990-04-20', 0, '9219680f5e6b7f57e1af818dd3922020f399a9d1', 0, 1, 1, 75),
(623, 198346678, 198346681, NULL, 'Anne', 'Jankowski', '80a84ef853dc58c783aa6bc4d0338a5fde24c17a', 'anne.jankowski@laposte.net', '623IMG_0818.JPG', '2017-08-21', 0, 0, 'Strasbourg ', 67000, 669177982, 1, '1981-05-27', 0, 'f01d0e82f804965e5c4e4a5981b4a851f195c015', 0, 1, 2, 75),
(624, 198442584, 198442587, NULL, 'François', 'Puyau', 'd1cc4bcdbce84400c371b8b9b513c0ec27117b49', 'francois.puyau@gmail.com', NULL, '2017-08-21', 0, 0, 'Strasbourg', 67000, 0, 1, '1987-12-24', 0, '8af60d366180c80e78ecdcef4c805304c7f25561', 0, 1, 1, 75),
(625, 198490946, 198490949, NULL, 'Coline', 'Plumet', '4c7ae2ade5b98b23d77c574fc8d4aa4c66553387', 'jemadco@hotmail.com', NULL, '2017-08-21', 0, 0, 'Strasbourg', 67000, 0, 1, '1990-05-30', 0, '68607d898231da0e1be1d2be61a90bdafeae4584', 0, 1, 2, 75),
(626, 198673107, 198673108, NULL, 'Andreina', 'Orlando', '5da4fab0a33185ba1d6028c2040d1b6d7fd6ae03', 'andreina.orlando@gmail.com', NULL, '2017-08-22', 0, 0, 'Strasbourg', 67000, 0, 1, '1981-08-04', 0, '70d11e7cb67a892ae92bad3005445996ff82b473', 0, 1, 2, 75),
(627, 198903246, 198903249, NULL, 'Michael', 'Yildirim', '8a69f0c786bc79dbf44a908d08b4b656227c3021', 'mic159@hotmail.fr', NULL, '2017-08-22', 0, 0, 'Strasbourg', 67000, 0, 1, '1990-06-09', 0, 'e0704a7f046fd8e1b9794cfc278158c9bc69ae00', 0, 1, 1, 75),
(628, 199086898, 199086899, NULL, 'Loic', 'Charmoille', '0316521a49a730ed3de0e2c93e2bfd562186d8df', 'magicloic@hotmail.com', NULL, '2017-08-23', 0, 0, 'Strasbourg', 67000, 0, 1, '1986-04-26', 0, '836f360e65f1fce2b9ccbeb8c8e5c1e430c783ab', 0, 1, 1, 75),
(629, 199223546, 199223547, NULL, 'Miguel', 'Jordao', 'ce3d6f13320e267d2783d428be970ed8798f48ce', 'jordaomiguel67@hotmail.fr', NULL, '2017-08-23', 0, 0, 'Strasbourg', 67000, 0, 1, '1977-07-12', 0, '8a88e6780457b73d8de560eadda2a098fdf4d01a', 0, 1, 1, 75),
(630, 199515763, 199515764, NULL, 'Clement', 'Durand', '894ec7e08765d08902418ec04d33d8d40d7beda2', 'durandclt@orange.fr', NULL, '2017-08-24', 0, 0, 'Strasbourg', 67000, 0, 1, '1986-12-27', 0, '718f0f113baa567fb2e80177c7d737aa98098e1d', 0, 1, 1, 75),
(631, 199564287, 199564288, NULL, 'Amel', 'HAKIRI', '92da075d1dec6ec283324d932d6f53010ee5cb10', 'amel_h1@hotmail.fr', NULL, '2017-08-24', 0, 0, 'Strasbourg', 67000, 0, 1, '1990-05-13', 0, '898ba68d7a19372c5f2ba449f227c04ff1bc8866', 0, 1, 2, 75),
(632, 0, 0, '10212976463059827', 'Guillaume', 'Fontheneau', NULL, 'guillaume.fontheneau@gmail.com', NULL, '2017-08-24', 0, 0, 'Strasbourg', 67000, 0, 1, '1970-01-01', 0, '6d7aff9fc47078955893f81b540b8d75324ecc7a', 0, 1, 1, 75),
(633, 199884721, 199884723, NULL, 'Jules', 'Fatseas', '4ed4ae0812425d7c6cac707195d01e5960d3e336', 'jules_biss@hotmail.fr', NULL, '2017-08-25', 0, 0, 'Strasbourg', 67000, 0, 1, '1989-11-01', 0, 'd00567099ffdee704bb281278ca6e460f4725718', 0, 1, 1, 75),
(634, 199934405, 199934407, NULL, 'Nabil', 'Gastli', '760bf35ca71e05d9ca4a6c20d8df5bceeadeccbb', 'nabil.gastli@gmail.com', NULL, '2017-08-25', 0, 0, 'Strasbourg', 67000, 0, 1, '1989-08-24', 0, 'e66f48d1fd2101095cc657a18dcb94f8ebc95785', 0, 1, 1, 75),
(635, 200209187, 200209188, NULL, 'Marie', 'Baran', '046ea698367fb5766789767c807f2bfe08ca79bf', 'baran.marie@gmail.com', NULL, '2017-08-26', 0, 0, 'Strasbourg', 67000, 0, 1, '1989-10-13', 0, '18f4ccc2cce777c3f49a5e7652e0dafb8a1c85ab', 0, 1, 2, 75),
(636, 200518766, 200518767, NULL, 'Armel', 'Mbieleu ', '1e73bbc8ed4031409ceaf8bd6b5d4fdbeef57802', 'armeljmb@hotmail.com', NULL, '2017-08-27', 0, 0, 'Strasbourg', 67000, 0, 1, '1999-02-17', 0, '56ed110e8efdbb895528acd3d2c5304fdc969056', 0, 1, 1, 75),
(637, 200547035, 200547036, NULL, 'Rukiye', 'Ekemen', 'b29dc0aff7adcf29b419bb5aced061346c682a65', 'rukiye.ekemen@laposte.net', NULL, '2017-08-27', 0, 0, 'Strasbourg', 67000, 0, 1, '1989-07-15', 0, 'c85de82c1d6823606f3fb5c58fbfa5d3d69a5a01', 0, 1, 2, 75),
(638, 201241114, 201241115, NULL, 'Abdelhalim', 'Elatrache', 'a0f91612377b3680551cc877e2d2a3742fac6c2c', 'mr.elatrache@gmail.com', NULL, '2017-08-29', 0, 0, 'Strasbourg', 67000, 0, 1, '1986-09-10', 0, '6e44037133949502bd64bbe3255fb6405f1307e9', 0, 1, 1, 75),
(639, 201478914, 201478917, NULL, 'Darwin ', 'Haro ', 'fcc1a8f5b2588a6ecd6f94b06423855b4d837adb', 'harodarwin@hotmail.fr', NULL, '2017-08-29', 0, 0, 'Strasbourg', 67000, 0, 1, '1990-09-02', 0, 'aab2ab44ad5567c90a12d81e6df574183a21140e', 0, 1, 1, 75),
(640, 201793070, 201793075, NULL, 'Jean-marc', 'Doll', '122e45f68fae6ef66f2e1e886f89603d162a40af', 'jeanmarcdoll@gmail.com', NULL, '2017-08-30', 0, 0, 'Strasbourg', 67000, 0, 1, '1969-11-29', 0, 'c8d8f9d16ef3ea165fbe453b013e340ee64ea2f9', 0, 1, 2, 75),
(641, 201796596, 201796598, NULL, 'Johanna', 'Le Saux ', '23d9dacb252895905c5f52a0819bd8095fb2567b', 'johannalesaux@orange.fr', NULL, '2017-08-30', 0, 0, 'Strasbourg', 67000, 0, 1, '1998-08-17', 0, 'c09b870ddd79656362eb28204099a11fd972271c', 0, 1, 2, 75),
(642, 0, 0, '10155403658321210', 'Kirsty', 'Hood', NULL, 'kirstyhood@gmail.com', NULL, '2017-09-01', 0, 0, 'Strasbourg', 67000, 0, 1, '1970-01-01', 0, '2a0f0d2a04f09d4b395ebb7bd35bb50b34a8f44f', 0, 1, 2, 75),
(643, 203056748, 203056749, NULL, 'Dhannah ', 'Kolly', '8ff053ab59fd5d238e347b97ac858a5bbc5f78c7', 'dhannah@gmail.com', NULL, '2017-09-01', 0, 0, 'Strasbourg', 67000, 0, 1, '1999-10-18', 0, '452a148f207b7cdf5f2070d7bb3cb928e73ce50a', 0, 1, 2, 75),
(644, 203159846, 203159848, NULL, 'Alexandra ', 'HOUËL ', '58a792032cf8c388ef1bcd663088c233b962bf8d', 'alexandra.houel@wanadoo.fr', NULL, '2017-09-02', 0, 0, 'Strasbourg', 67000, 0, 1, '1998-03-31', 0, 'f2d5e673ecdda016c06592b07457fe3d86ff68da', 0, 1, 2, 75),
(645, 203235015, 203235017, NULL, 'Arnaud', 'Debs', 'e4094b4ebd42f503e744c48d7a7dd14bc4195fbe', 'debsarnaud@hotmail.fr', NULL, '2017-09-02', 0, 0, 'Strasbourg', 67000, 0, 1, '1989-08-28', 0, 'facf056834669ba5773f95278bb705d6ee1da8f9', 0, 1, 1, 75),
(646, 203617564, 203617565, NULL, 'Julie', 'Havet', 'fc917d431767ec00d3880579d38df85026f90488', 'havetjulie@yahoo.fr', NULL, '2017-09-03', 0, 0, 'Strasbourg', 67000, 0, 1, '1976-03-10', 0, '724e86c70cd087bace7a472aa6560fd5a17ca6ab', 0, 1, 2, 75),
(647, 0, 0, '10155443084841265', 'Pascal', 'Deniau', NULL, 'pascal.deniau@gmail.com', NULL, '2017-09-03', 0, 0, 'Strasbourg', 67000, 0, 1, '1970-01-01', 0, 'c1713620d4514e45d69f11102438e67bbc5e1808', 0, 1, 1, 75),
(648, 203838770, 203838771, NULL, 'Emin', 'Tuncer', 'b5f7456fee23cdc0d1ca767224bbb2c427de164c', 'emintuncer3@gmail.com', NULL, '2017-09-03', 0, 0, 'Strasbourg', 67000, 0, 1, '1996-04-01', 0, 'a1c4437dddf4e7e3df3cccceb043f2251e005a1e', 0, 1, 1, 75),
(649, 204022550, 204022553, NULL, 'éric', 'pacquet', '44ce97db83775adaa675cb0f9b0e7548f4b49873', 'pacquet.eric@orange.fr', NULL, '2017-09-04', 0, 0, 'Strasbourg', 67000, 0, 1, '1972-11-13', 0, '654b21f5b37d91e46d8300292dd85629b359cdfc', 0, 1, 1, 75),
(650, 204050166, 204050169, NULL, 'Sghaier-Cohen', 'Braham', 'c2323919822c1d5fa330cfc669d8252286d44cff', 'brahamsghaiercohen@gmail.com', NULL, '2017-09-04', 0, 0, 'Strasbourg', 67000, 0, 1, '1980-08-29', 0, 'bb668fe39bd4e89fccf76d0818a5f813278b77b9', 0, 1, 1, 75),
(651, 204109756, 204109757, NULL, 'Julien', 'H', '5788569825dccfba043c0abb8055c6b7ea02ec49', 'killerti@gmail.com', NULL, '2017-09-04', 0, 0, 'Strasbourg', 67000, 0, 1, '1982-02-28', 0, '0c162d095c640a0b65f3704af2cc83db2e4cc093', 0, 1, 1, 75),
(652, 204976384, 204976389, NULL, 'Mayar', 'Abou daher', '370194ff6e0f93a7432e16cc9badd9427e8b4e13', 'mayar1@hotmail.co.uk', NULL, '2017-09-06', 0, 0, 'Strasbourg', 67000, 0, 1, '1999-01-08', 0, '1f5c0b213bf0f4d070ce089d7245db72405f91c9', 0, 1, 2, 75),
(653, 0, 0, '10212174852637778', 'Thomas', 'Pedoussaut', NULL, 'tpedoussaut@gmail.com', NULL, '2017-09-06', 0, 0, 'Strasbourg', 67000, 0, 1, '1970-01-01', 0, 'f62e38e6d9e04428fd046a02b299597b0e189c74', 0, 1, 1, 75),
(654, 205911382, 205911383, NULL, 'Jeremi', 'Caruel', 'b572dc7bb7e0ff7e2887f32e1b733cffdc954fad', 'jeremiecaruel31@hotmail.com', NULL, '2017-09-07', 0, 0, 'Strasbourg', 67000, 0, 1, '1991-07-14', 0, '7c1d980b6509774d90a21d753d53a3673ba08c18', 0, 1, 1, 75),
(655, 206182904, 206182905, NULL, 'Maxime', 'Proust', '99aaf717a87affb34c72330fdac73acd4db2bf37', 'Max.proust@live.fr', NULL, '2017-09-08', 0, 0, 'Strasbourg', 67000, 0, 1, '1996-09-14', 0, '095882515dc1e101e105fb3ebf777acd1d4a656f', 0, 1, 1, 75),
(656, 0, 0, '1904837679783962', 'Davy', 'Luciathe', NULL, 'flammus972@hotmail.com', NULL, '2017-09-08', 0, 0, 'Strasbourg', 67000, 0, 1, '1970-01-01', 0, 'dc47619e9f81dab8a592c40d863d25d03eb9e3a8', 0, 1, 1, 75),
(657, 206753863, 206753865, NULL, 'Samy', 'SEFFADJ', '153c19602d731fc0e5b6a7bc678ecf828f3d2319', 'seffadjsamy@hotmail.fr', NULL, '2017-09-09', 0, 0, 'Strasbourg', 67000, 0, 1, '1993-03-03', 0, '3da5d3c186d2fe56ae38d69757da1d149df1a1ac', 0, 1, 1, 75),
(658, 206897313, 206897315, NULL, 'Pierre', 'CABANNES', '215bc3a6f8bac3398d6fb4e7b0861f59ebfb2143', 'pierre.cabannes@gmail.com', NULL, '2017-09-09', 0, 0, 'Strasbourg', 67000, 0, 1, '1987-10-29', 0, '639ca20c29002b032a453913491fd34e0b89737d', 0, 1, 1, 75),
(659, 207080872, 207080873, NULL, 'Ricardo', 'Antunez', '1955f9c3406977ac62d37af05b96d9c7030e8d4c', 'ricardoantunezdominguez@gmail.com', NULL, '2017-09-10', 0, 0, 'Strasbourg', 67000, 0, 1, '1987-11-27', 0, 'e82f5a4663aef5903e377dfe8f6542cee796528b', 0, 1, 1, 75),
(660, 0, 0, '10159490699190314', 'Alexis', 'Rds', NULL, 'arivet3@gmail.com', NULL, '2017-09-10', 0, 0, 'Strasbourg', 67000, 0, 1, '1970-01-01', 0, '0696238dbab9b15f47cb602bd4ca93dcc83687cf', 0, 1, 1, 75),
(661, 207124711, 207124713, NULL, 'TARAK ', 'LAOUADI ', 'c2da7c506f531269d0e8de9b523c72ae819ac11a', 'tarekbeida@hotmail.fr', NULL, '2017-09-10', 0, 0, 'Strasbourg', 67000, 0, 1, '1979-02-26', 0, 'c848dc233101b8b36ab64792c2289b212ea428a8', 0, 1, 1, 75),
(662, 207183629, 207183632, NULL, 'manuel', 'raynaud', 'f60d9858a68ac961be1f6544b511cd7b4a60fc48', 'manu@raynaud.io', NULL, '2017-09-10', 0, 0, 'Strasbourg', 67000, 0, 1, '1986-01-21', 0, 'fd60569ec1f7b4864f0f6e8b4a0b2aa54f2459ab', 0, 1, 1, 75),
(663, 0, 0, '10155491637255853', 'Jonathan', 'Jacobs', NULL, 'eilotshai@gmail.com', NULL, '2017-09-11', 0, 0, 'Strasbourg', 67000, 0, 1, '1970-01-01', 0, '098fb45133a9eaf605a7a181f9a7bb971cdc169c', 0, 1, 1, 75),
(664, 207590331, 207590332, NULL, 'Alan', 'Cornec', '897ca6fcdeed5883fd7bd85eae55406ac81d9d74', 'ador4@hotmail.com', NULL, '2017-09-11', 0, 0, 'Strasbourg', 67000, 0, 1, '1985-09-22', 0, 'dab6309449824df8fd209568fba99bfc65b40245', 0, 1, 1, 75),
(665, 207642447, 207642448, NULL, 'celine ', 'AUBERT', '463f4392155d062dadb7697fe661d1686ebdb391', 'cellav95@gmail.com', NULL, '2017-09-11', 0, 0, 'Strasbourg', 67000, 0, 1, '1977-03-16', 0, '97ad8bcd5d0b2b9de4bef3595a995cf71a525d6b', 0, 1, 2, 75),
(666, 207722685, 207722687, NULL, 'Eric', 'Jacques', '5687abe8dcf87d5d5cf90a8868e21c98bfd4e247', 'eric.jacques1@free.fr', NULL, '2017-09-11', 0, 0, 'Strasbourg', 67000, 0, 1, '1977-03-10', 0, '941454ebb9fcd91120de25de15a12ddc318f96af', 0, 1, 1, 75),
(667, 207768266, 207768268, NULL, 'Hugo', 'Diebold', 'ae856359b260e4ca396954feb7ac21b557b62c2d', 'hugo@data-projekt.fr', NULL, '2017-09-11', 0, 0, 'Strasbourg', 67000, 0, 1, '1980-10-15', 0, '9d322f7e99e2491484d8450f41d28316dac1dd60', 0, 1, 1, 75),
(668, 207992214, 207992219, NULL, 'cathy', 'b', '2df461d9476ac7e8c1940c378618e6f8dabb840a', 'ktybasta@gmail.com', NULL, '2017-09-12', 0, 0, 'Strasbourg', 67000, 0, 1, '1995-01-01', 0, 'bbee6c48201c864a793ab3878c90c4bc690437a3', 0, 1, 2, 75),
(669, 208046142, 208046145, NULL, 'Patrick', 'SAY', 'af08efc602a030c05668f00dd5e0fc1937a45a22', 'patrick.saybriord@gmail.com', NULL, '2017-09-12', 0, 0, 'Strasbourg', 67000, 0, 1, '1967-07-11', 0, 'b83cc95cc80b11d5f901d8fc61ca85efb06f1018', 0, 1, 1, 75),
(670, 208082028, 208082032, NULL, 'Maelle', 'Blevin', '619a35661c2acbfb175e59a18ca1a371f321851e', 'maellestreum@gmail.com', NULL, '2017-09-12', 0, 0, 'Strasbourg', 67000, 0, 1, '1987-09-09', 0, '7faa611e3b92974afc1a2bb80e73b549725182c5', 0, 1, 2, 75),
(671, 208664327, 208664328, NULL, 'Mathieu', 'Kohler', '7441b2ef24f7053b791469b3b01b9fefc6177648', 'bipbip68@free.fr', NULL, '2017-09-13', 0, 0, 'Strasbourg', 67000, 0, 1, '1962-06-30', 0, '36946acc596d65249b2e8a66b3aba1c3605645fe', 0, 1, 1, 75),
(672, 208691329, 208691330, NULL, 'Éric ', 'MORIZOT ', '42c3427d695dec10283eacbbf9e3ace1d9ac50c1', 'ericmorizot@sfr.fr', NULL, '2017-09-13', 0, 0, 'Strasbourg', 67000, 0, 1, '1970-07-23', 0, '4e58b061c8ec9c2a1a941bb77f6ff1b27ea2e3fb', 0, 1, 1, 75),
(673, 208722049, 208722050, NULL, 'julien', 'brice', '5431d947093a1a7c1b14d8a729796ceb015cc9a3', 'jul.brice@gmail.com', '673Tete.JPG', '2017-09-13', 0, 0, 'lyon', 69005, 647455579, 1, '1981-10-18', 0, '2eef67e356eff2926749434b27e0ddacc1da1afb', 0, 1, 1, 75),
(674, 209096184, 209096189, NULL, 'Aurore', 'aguettaz', '11f77e6571329a70634dd532f1907b9884719fb5', 'aaguettaz@hotmail.com', NULL, '2017-09-14', 0, 0, 'Strasbourg', 67000, 0, 1, '1972-12-17', 0, '3a5d15c07bd14b2ae51ea68e1237d6b3adb8f324', 0, 1, 2, 75),
(675, 209161294, 209161297, NULL, 'gildas', 'polere', '4c57d68a4cbe51b9320d46a54919a41ef0ebe1c3', 'gildas.polere@gmail.com', NULL, '2017-09-14', 0, 0, 'Strasbourg', 67000, 0, 1, '1984-03-01', 0, '145807835cb44e49d0065947532e766002138ce9', 0, 1, 1, 75),
(676, 209224162, 209224166, NULL, 'jean marc', 'desfilhes', '311c4843ddc5dfb217b54e70080ad81964ad1312', 'jmdesfilhes@gmail.com', NULL, '2017-09-14', 0, 0, 'Strasbourg', 67000, 0, 1, '1965-06-11', 0, '88fa70871e95b393d73a636eaf8c3aac45ccef54', 0, 1, 1, 75),
(677, 209512999, 209513000, NULL, 'Thomas', 'Viry', '70cfeaeaad962502c91449c23c10dbbba88aa444', 'viry.thomas@gmail.com', NULL, '2017-09-14', 0, 0, 'Strasbourg', 67000, 0, 1, '1988-05-09', 0, '2d471e40ce537879326454da01f6c349baba38c6', 0, 1, 1, 75),
(678, 209836514, 209836517, NULL, 'Maria', 'Stepanova', '7fefc802a560c7830abfc91411237629a6c10993', 'stepanovam@yahoo.fr', NULL, '2017-09-15', 0, 0, 'Strasbourg', 67000, 0, 1, '1986-03-14', 0, '6ff163c332bc5afa94d523ffe519d2487bf8fc4f', 0, 1, 2, 75),
(679, 210071707, 210071711, NULL, 'Marius', 'Mace', 'ee0ff73c2a0baeafb3a07aa412ef1450fd5f8bf5', 'mace.marius@gmail.com', NULL, '2017-09-15', 0, 0, 'Strasbourg', 67000, 0, 1, '1989-02-02', 0, '1889bb8cc583b6c24093e9fc4a995a867c8cbb64', 0, 1, 1, 75),
(680, 210167938, 210167943, NULL, 'Chloé', 'Pesce', '5d2f188afff22eef5cf94d373ec5c012c33e130a', 'chloe.pesce@skynet.be', NULL, '2017-09-15', 0, 0, 'Strasbourg', 67000, 0, 1, '1997-01-22', 0, 'ac9226b5bc752d772482895936a5c38362cbb84d', 0, 1, 2, 75),
(681, 210339882, 210339885, NULL, 'Mory', 'Sidibe ', '37f6559daa543faae03f616e6ec6f79b34afaeec', 'mory.sidibe@outlook.fr', NULL, '2017-09-16', 0, 0, 'Strasbourg', 67000, 0, 1, '1991-05-24', 0, '82b426159605a255c7eb6225f443064be8cf3a62', 0, 1, 1, 75),
(682, 210384340, 210384343, NULL, 'sonia', 'bouscasse', '5311fbc38203b80c83aec83b40ab8fedbad878b9', 'liste2diffusion@gmail.com', NULL, '2017-09-16', 0, 0, 'Strasbourg', 67000, 0, 1, '1978-04-06', 0, '7998e843a014c208d714197413e4ce72e0470189', 0, 1, 2, 75),
(683, 210442613, 210442614, NULL, 'Anaïs', 'GILLIG', '9875710fae4df83f2d20a7a4af01b9fc73f8b072', 'nanouelle67610@hotmail.fr', NULL, '2017-09-16', 0, 0, 'Strasbourg', 67000, 0, 1, '1990-07-05', 0, '5e91532b1ba0ac89c6c0430e2f335cbccf6693a3', 0, 1, 2, 75),
(684, 210722849, 210722854, NULL, 'Léry', 'JICQUEL', '6f6ba58b92fc07df181bb13c4f4604b76f683f81', 'contact@velook.fr', NULL, '2017-09-17', 0, 0, 'Strasbourg', 67000, 0, 1, '1985-06-26', 0, '88e38fbe937f6c901748fab41ff177cda9347a68', 0, 1, 1, 75),
(685, 210912224, 210912227, NULL, 'Vincent', 'Cavalie', 'dde2460a51aee7a8901a5ae63944cebfd0f29031', 'vincent.cavalie@yahoo.fr', NULL, '2017-09-17', 0, 0, 'Strasbourg', 67000, 0, 1, '1982-02-26', 0, 'a1a94edb919a2dbb625ff9a6b1539689fbf06966', 0, 1, 1, 75),
(686, 211310032, 211310033, NULL, 'Dimitri', 'Chighladze', '360cf023821e730ef1bafa28a3175c2667ea0c61', 'dito_chighladze@yahoo.com', NULL, '2017-09-18', 0, 0, 'Strasbourg', 67000, 0, 1, '1994-05-14', 0, '82ec203cd444a65e68380f9b782a36bd4b93ffa1', 0, 1, 1, 75),
(687, 211454871, 211454873, NULL, 'Romain', 'Nguyen', 'd3892ba1973cda45986895a5bd19473917308c1c', 'romainguyen97@gmail.com', NULL, '2017-09-18', 0, 0, 'Strasbourg', 67000, 0, 1, '1996-03-17', 0, '9e348e47acbddf5d7f1bc02e9e48d99c20892c58', 0, 1, 1, 75),
(688, 211754988, 211754991, NULL, 'daniel', 'montoya', 'f54fb6f7c76abadadf590020ed70585310aa8131', 'dfdmontoya@gmail.com', NULL, '2017-09-19', 0, 0, 'Strasbourg', 67000, 0, 1, '1967-02-28', 0, 'e7e432ac2a8c0a88741b933d15c68ba7545add95', 0, 1, 1, 75),
(689, 0, 0, '10208581552051138', 'Romain', 'Karger', NULL, 'romain.karger@sfr.fr', NULL, '2017-09-19', 0, 0, 'Strasbourg', 67000, 0, 1, '1970-01-01', 0, 'dcff2bb470f14cffbc9b069397a66ea5a3d032f4', 0, 1, 1, 75),
(690, 212012161, 212012167, NULL, 'Nicolas', 'Fournier', '43e5967b2cc00e1e51b0971590095e798011bcc2', 'nickolas.6587@gmail.com', NULL, '2017-09-19', 0, 0, 'Strasbourg', 67000, 0, 1, '1987-05-06', 0, 'f569a233ae75bea9babb5e80f9a68e4fd94c9634', 0, 1, 1, 75),
(691, 212145548, 212145554, NULL, 'Veronique', 'Chapotot', '3386330d04e28f81f482729fc20e1aa26578e7b3', 'vchapotot@gmail.com', NULL, '2017-09-19', 0, 0, 'Strasbourg', 67000, 0, 1, '1962-02-05', 0, '2eca7d00dcd18e5e09502e4dd0ace4faf47e1481', 0, 1, 2, 75),
(692, 212251090, 212251093, NULL, 'Franck', 'Dorland', '5951d91879bdf4b6a478077d5bfe0f66189603cd', 'dorland.franck@gmail.com', NULL, '2017-09-20', 0, 0, 'Strasbourg', 67000, 0, 1, '1964-06-27', 0, '50f8c385757d0a2a5aa8645825bd079e05df32cf', 0, 1, 1, 75),
(693, 212359076, 212359077, NULL, 'Ilian', 'Vignot', '4f0edc41dd99df504193886c529af9e23e5fcfbd', 'ilian.vignot@hotmail.fr', NULL, '2017-09-20', 0, 0, 'Strasbourg', 67000, 0, 1, '1999-07-24', 0, '862051ad4536e88ee62fdde0c800be74441ea599', 0, 1, 1, 75),
(694, 212455402, 212455406, NULL, 'Béatrice', 'Charreton', 'f0d16507cb2262e60675798276916f33040565bf', 'b.charreton@free.fr', NULL, '2017-09-20', 0, 0, 'Strasbourg', 67000, 0, 1, '1980-10-03', 0, 'ee127651199d5be024ee91e07a8b2564b20b3bdc', 0, 1, 2, 75),
(695, 212590514, 212590515, NULL, 'Lise', 'Minietti', '990c3a404c64190859243ded4b14234728021ab3', 'miniettilise@gmail.com', NULL, '2017-09-20', 0, 0, 'Strasbourg', 67000, 0, 1, '1982-08-17', 0, 'b1e6bb6f563c89fe4bbdfa2d559a2412aff3fc26', 0, 1, 2, 75),
(696, 212701598, 212701599, NULL, 'Sabrina', 'Sapin', '1c3556b5b7e9687822a25088fbaf76c92821c66b', 'messagerie.sabrina@gmail.com', NULL, '2017-09-20', 0, 0, 'Strasbourg', 67000, 0, 1, '1984-07-04', 0, '9eb5994e1329e76bc81ab29ed884a5ede884d6ee', 0, 1, 2, 75),
(697, 212876039, 212876043, NULL, 'Clemence', 'Balzac', 'a618555fbab3039f49417167f38e71a48a56dc73', 'clemencebalzac@gmail.com', NULL, '2017-09-21', 0, 0, 'Strasbourg', 67000, 0, 1, '1997-10-24', 0, '993cc11306cabcf3d4568c8372b6c641acd988f1', 0, 1, 2, 75),
(698, 0, 0, '1563338203727899', 'Nicolas', 'Vidot', NULL, 'nicolastous976@gmail.com', NULL, '2017-09-21', 0, 0, 'Strasbourg', 67000, 0, 1, '1970-01-01', 0, '2d301b9530156c9c7a9bdf926890b44ccc2dd156', 0, 1, 1, 75),
(699, 213128978, 213128979, NULL, 'Joseph', 'Bongrand', 'a1ecef23004cff67a332128895aa1b41475dc6e5', 'joseph.bongrand@gmail.com', NULL, '2017-09-21', 0, 0, 'Strasbourg', 67000, 0, 1, '1993-02-19', 0, 'dd08fed446c68a0da81d7abe7496351ff5fd5eac', 0, 1, 1, 75),
(700, 213687622, 213687623, NULL, 'Amélie', 'BOSQUET', 'a94084c4e1d9f3186b0b98a718e4da23698e68a3', 'amelie.bosquet1998@gmail.com', NULL, '2017-09-22', 0, 0, 'Strasbourg', 67000, 0, 1, '1998-10-13', 0, 'fd5dd8e6c96b3fdf22ebbb97a02c34e5d055ac46', 0, 1, 2, 75),
(701, 213866019, 213866026, NULL, 'Cyrielle ', 'Argence ', 'c3a4dfc9ecfd805bdb88a95106c38fb6c62eeb0a', 'cyriellevalkman@yahoo.fr', NULL, '2017-09-22', 0, 0, 'Strasbourg', 67000, 0, 1, '1997-08-09', 0, '82b9b3fa650dfb5d8ebb6b57dde8f1f4205bff46', 0, 1, 2, 75),
(702, 213959169, 213959170, NULL, 'Benoit', 'Desfarges', '6e9a7061bbf36bf4c8b2a397a99091fa9d27bdf1', 'benoit.desfarges@hotmail.fr', NULL, '2017-09-22', 0, 0, 'Strasbourg', 67000, 0, 1, '1988-01-12', 0, '1efe7b56e2df267128f99808f039e855984859f9', 0, 1, 1, 75),
(703, 213960260, 213960263, NULL, 'Nazir ', 'Kalthoum ', 'aec7e1f0f8143021c98e637f17dc84a8e5d7f022', 'nazir75kalthoum@gmail.com', NULL, '2017-09-22', 0, 0, 'Strasbourg', 67000, 0, 1, '1989-08-04', 0, 'c4a0085826220aa5257683e43023269117f26f0b', 0, 1, 1, 75),
(704, 214181828, 214181832, NULL, 'Billal', 'Masmoudi', '899ee57b5803b12373990254b0cd2eb80143c79b', 'masmoudi.billal@yahoo.com', NULL, '2017-09-23', 0, 0, 'Strasbourg', 67000, 0, 1, '1991-04-19', 0, '4aa9685fc4e3333247049c4c40f008c8195b273f', 0, 1, 1, 75),
(705, 214342402, 214342409, NULL, 'Chiara', 'Rapisarda', '20e3290a76fd30dd1e4a78b5de8b76cfb1123b8b', 'aglape@gmail.com', NULL, '2017-09-23', 0, 0, 'Strasbourg', 67000, 0, 1, '1982-10-14', 0, '54ed32a905a7a1d04fd9079926af3202192e6a87', 0, 1, 2, 75),
(706, 214360639, 214360643, NULL, 'Stéphane', 'Tayar', 'da3fa3d4400c9c90e1865c47d97af6ebdaa81875', 'stephanetayar@yahoo.fr', NULL, '2017-09-23', 0, 0, 'Strasbourg', 67000, 0, 1, '1973-06-22', 0, '1701b6806e70e930561b155b8f594115f9e2d1be', 0, 1, 1, 75),
(707, 214658646, 214658647, NULL, 'Olivier', 'Detroit', '12fde0ac3d500cee7266a11a6a12745479d7c362', 'yoxicool+commandes@gmail.com', NULL, '2017-09-24', 0, 0, 'Strasbourg', 67000, 0, 1, '1991-07-09', 0, '8b5c790835bb0ca0e2b3e3696d635a69f5187fc3', 0, 1, 1, 75),
(708, 214800714, 214800715, NULL, 'Anne', 'Moskvine ', '8c957116cf329d793fc0d825c732495da75540be', 'annerodier@free.fr', NULL, '2017-09-24', 0, 0, 'Strasbourg', 67000, 0, 1, '1962-03-21', 0, '6acb2eaafdbaed8623be8e4fd73f1dc1c123fd8b', 0, 1, 2, 75),
(709, 214990646, 214990647, NULL, 'Gérald', 'Malaussena', '7d17357d8428a6522e944cbf499c65f96f361037', 'malaussenag@yahoo.fr', NULL, '2017-09-25', 0, 0, 'Strasbourg', 67000, 0, 1, '1980-05-31', 0, '48323eb13c8775df8ec6920070e316c39ac4a434', 0, 1, 1, 75),
(710, 215190026, 215190029, NULL, 'yan', 'abaka', '38ef122191fe70c81d58d115594e5072034b6140', 'abakayann@live.fr', NULL, '2017-09-25', 0, 0, 'Strasbourg', 67000, 0, 1, '1993-12-20', 0, '650d9913ef0a12e795c45fbcec90e2e9c7e49201', 0, 1, 1, 75),
(711, 215357031, 215357032, NULL, 'raphael', 'perret', '84ae488355d8d910fd03f7272c23e8c7e7fe52a8', 'rpferjus03@gmail.com', NULL, '2017-09-25', 0, 0, 'Strasbourg', 67000, 0, 1, '1967-12-16', 0, 'dfd1a93ec9404b7ddf8730a69e210a36e47bb723', 0, 1, 1, 75),
(712, 215384791, 215384794, NULL, 'Oriane', 'Reynaud', '7f481125cb09c0f7f91044996b90b7b7d29104d7', 'orianereynaud@hotmail.com', NULL, '2017-09-25', 0, 0, 'Strasbourg', 67000, 0, 1, '1986-11-06', 0, '463880e429f131adb37749c3bc1f9c1297cdc245', 0, 1, 2, 75),
(713, 215600117, 215600121, NULL, 'Valérie ', 'Meyer', 'd47b2706a2bc4fa14fd95d0f4d3f1d6a9c477886', 'valine68@free.fr', NULL, '2017-09-26', 0, 0, 'Strasbourg', 67000, 0, 1, '1988-12-27', 0, '85efa343cd4255beec0f2b408b18d600fa26e0bf', 0, 1, 2, 75),
(714, 215838771, 215838773, NULL, 'Christine', 'COBBAUT', '8d616a06f0447ecb0ac147eb7aec96d065f4cb3e', 'cob.christine@gmail.com', NULL, '2017-09-26', 0, 0, 'Strasbourg', 67000, 0, 1, '1968-02-05', 0, '279ea75ccfc083bbc6a81a404f5d40ef2e56e95e', 0, 1, 2, 75),
(715, 0, 0, '10210033460769140', 'Laurence', 'Garçon', NULL, 'laurencegarcon@hotmail.com', NULL, '2017-09-26', 0, 0, 'Strasbourg', 67000, 0, 1, '1970-01-01', 0, 'f1c036238c3dfb750aaeb305c85c61a7cd8ead64', 0, 1, 2, 75),
(716, 216174288, 216174291, NULL, 'violaine', 'pahin', '8091e28a760447a4696d058fb17495ada2585dc5', 'violainepahin85@hotmail.fr', NULL, '2017-09-27', 0, 0, 'Strasbourg', 67000, 0, 1, '1985-11-04', 0, 'c409a0251ab6cae72d9a625c78c8af638bbece19', 0, 1, 2, 75),
(717, 216351351, 216351352, NULL, 'Gabriel', 'Vathonne', '9009337cf16333f07109b593405cf7552ed8059a', 'gabriel.vathonne@gmail.com', NULL, '2017-09-27', 0, 0, 'Strasbourg', 67000, 0, 1, '1989-09-28', 0, '42e13feb38e16acc709320529e075639ba2ce65c', 0, 1, 1, 75),
(718, 216563256, 216563259, NULL, 'Zhenni', 'GAO', 'f189c4a2931e76c340e051199331dde403684231', 'z.gao20@ejm.org', NULL, '2017-09-27', 0, 0, 'Strasbourg', 67000, 0, 1, '2000-02-21', 0, '881f00ce956fd51e1b3e4c2d5c458844f90c7bcb', 0, 1, 2, 75),
(719, 216814190, 216814191, NULL, 'wei', 'wei', 'a45ee44ba2bc445395a347d4866182b0900dddc7', 'leowesky@hotmail.com', NULL, '2017-09-28', 0, 0, 'Strasbourg', 67000, 0, 1, '1991-08-01', 0, 'fba19d2e4e68841d48496053bac27dc7f06a5593', 0, 1, 2, 75),
(720, 217236926, 217236927, NULL, 'Nicolas', 'Louédoc', '20552df867b00e798a07c5667508f741a5f03cb4', 'louedocnicolas@gmail.com', NULL, '2017-09-29', 0, 0, 'Strasbourg', 67000, 0, 1, '1988-05-13', 0, '2e76b186e2417e1f4d290d2ae678316b03fe7b29', 0, 1, 1, 75),
(721, 217388313, 217388316, NULL, 'Ariane', 'GEISMAR', '436f08dd53722908eb087f2f1afc09f777fbe0ed', 'ariane.geismar@hotmail.fr', NULL, '2017-09-29', 0, 0, 'Strasbourg', 67000, 0, 1, '1984-01-24', 0, 'c422f8724aab6b98a7fbe18b70391cd6f23860cb', 0, 1, 2, 75),
(722, 217562189, 217562195, NULL, 'Nidhal', 'Oueriemmi', '798bc9202bbd5b44199e325a66dc51439f24adc3', 'nidhaloueriemmi5@gmail.com', NULL, '2017-09-29', 0, 0, 'Strasbourg', 67000, 0, 1, '1989-10-20', 0, 'b5fc53df4d7047639510e51b05f60a4de31122d4', 0, 1, 1, 75),
(723, 217765714, 217765717, NULL, 'Amir', 'Robbana', '70fa898aa48df590b8c47e377ceeca62871fbd1b', 'a.robbana@hotmail.fr', NULL, '2017-09-29', 0, 0, 'Strasbourg', 67000, 0, 1, '1993-11-22', 0, 'c01d1ed64bd169c3a38d842d371882f6b50a66d6', 0, 1, 1, 75),
(724, 0, 0, '10214857137361439', 'Quentin', 'Gustave', NULL, 'q972@hotmail.fr', NULL, '2017-09-30', 0, 0, 'Strasbourg', 67000, 0, 1, '1970-01-01', 0, 'c0a66c25aa3d88259f39abbca903f40dbcccdf93', 0, 1, 1, 75),
(725, 0, 0, '10212514275444138', 'Sabrina', 'Guarnieri', NULL, 'sabrina.guarnieri@live.it', NULL, '2017-09-30', 0, 0, 'Strasbourg', 67000, 0, 1, '1970-01-01', 0, 'c10d38f8b6c01ac2cb3d9878267347be151f4df6', 0, 1, 2, 75),
(726, 218730457, 218730458, NULL, 'Philippe', 'Droneau', '9e56e3363b4ae93f9d383a35c034446a8375a1d6', 'philippe.droneau@wanadoo.fr', NULL, '2017-10-01', 0, 0, 'Strasbourg', 67000, 0, 1, '1959-04-04', 0, '3ebb10a30572df75d422522c6fbec7b9bbfb90ee', 0, 1, 1, 75),
(727, 218811751, 218811752, NULL, 'Damien', 'Sabo', '979fff640fe1038348d576c2145be3ced320f22b', 'damiensabo@live.fr', NULL, '2017-10-01', 0, 0, 'Strasbourg', 67000, 0, 1, '1992-02-08', 0, 'd00760cf1fb84aa241f6083516ed5f799491e67c', 0, 1, 1, 75),
(728, 219170348, 219170349, NULL, 'Zlatan', 'Zlato', 'ef435267c1573eddb3de27a6448fca96eb53e315', 'q608291@mvrht.net', NULL, '2017-10-02', 0, 0, 'Strasbourg', 67000, 0, 1, '1982-03-03', 0, 'ea5a43da487598142d2e580734e5c0df63673443', 0, 1, 1, 75),
(729, 219221379, 219221380, NULL, 'Lucas', 'Bryk', '4d17a90fa255c31d598632c0e983a49fed01a289', 'lucas.bryk@gmail.com', NULL, '2017-10-02', 0, 0, 'Strasbourg', 67000, 0, 1, '1982-08-08', 0, '5463c3ac38d170ebdadd8ef34c4ca7efc029abd9', 0, 1, 1, 75),
(730, 219765032, 219765033, NULL, 'Joe', 'Joe', 'f0d130e4f1312e6daae353fa878a98b1e35406d3', 'nja45451@loaoa.com', NULL, '2017-10-03', 0, 0, 'Strasbourg', 67000, 0, 1, '1978-04-04', 0, '8959d085d0f7b45a86fb77f34fd2931a25844657', 0, 1, 1, 75),
(731, 219861751, 219861755, NULL, 'Isabelle ', 'Schmitt', '6e80fa884e0b452c917bd9e2292ea6a0d2e1693a', 'aventur.avelo@yahoo.fr', NULL, '2017-10-03', 0, 0, 'Strasbourg', 67000, 0, 1, '1979-12-22', 0, '275afb1f4390dd84c331ead94ba6ac7472ddcf4e', 0, 1, 2, 75),
(732, 220110825, 220110827, NULL, 'JameschJames', 'Chen', '970e53a225e8992afb74bb10cfd9779fa08bf50c', 'jamesch290301@icloud.com', NULL, '2017-10-04', 0, 0, 'Strasbourg', 67000, 0, 1, '2001-03-29', 0, '73ad8342a5f8bdbbb1260a034f78404f8cb96ee5', 0, 1, 1, 75),
(733, 220118221, 220118222, NULL, 'Jason', 'Grudé ', '58ad983135fe15c5a8e2e15fb5b501aedcf70dc2', 'jaz.g@live.fr', NULL, '2017-10-04', 0, 0, 'Strasbourg', 67000, 0, 1, '1993-02-19', 0, '5ccf262bd5cd2ef1faa2952f87088dc06899ced5', 0, 1, 1, 75),
(734, 0, 0, '1488935467852152', 'Fano', 'Lément', NULL, 'shawn-vicky@hotmail.fr', NULL, '2017-10-04', 0, 0, 'Strasbourg', 67000, 0, 1, '1970-01-01', 0, '688cba15669256772829af5c76612e5f908a9d22', 0, 1, 1, 75),
(735, 220838412, 220838416, NULL, 'LAVIRON', 'Clément', '454ba92d196f1ae133d082a944a2ab3a49c075da', 'clement.laviron@gmail.com', NULL, '2017-10-05', 0, 0, 'Strasbourg', 67000, 0, 1, '1988-12-06', 0, '8452ad59f378257ed04cdab84960ce14fe9376aa', 0, 1, 1, 75),
(736, 220917440, 220917441, NULL, 'Maxime', 'Cicchelli', 'f6727772bd5e5b037a1b61ea4843260522e36e7a', 'maximecicchelli@icloud.com', NULL, '2017-10-05', 0, 0, 'Strasbourg', 67000, 0, 1, '1996-02-23', 0, '4bf5d798d4e05b7d897f22709483863fe947bad1', 0, 1, 1, 75),
(737, 221027381, 221027383, NULL, 'lol', 'mdr', '7318dce8cb091ace58e242642de83e627dfc55f2', 'lolmdr@xd.fr', NULL, '2017-10-05', 0, 0, 'Strasbourg', 67000, 0, 1, '2013-03-05', 0, 'b156c9058d85fd9f0bcc8a63e553e550b4295dd5', 0, 1, 1, 75),
(738, 0, 0, '1477441509029382', 'Medhi', 'Attaf', NULL, 'memoguero@hotmail.fr', NULL, '2017-10-05', 0, 0, 'Strasbourg', 67000, 0, 1, '1970-01-01', 0, '2f2085c73761deae521a45abbd58a974936998d3', 0, 1, 1, 75),
(739, 221540967, 221540968, NULL, 'Dimitrova', 'Nina', '0ab3ae5f86f19956ae79b4b9f2b39ad65f0315e5', 'dimitrova320@gmail.com', NULL, '2017-10-06', 0, 0, 'Strasbourg', 67000, 0, 1, '1989-12-19', 0, '332479de86cd1b858651fe99fe033a7244fb41ab', 0, 1, 2, 75),
(740, 221573030, 221573039, NULL, 'didier', 'duthu', '6c021bfd4f5fcc76177baf7783cf0ca66df0fda2', 'dididut65@gmail.com', NULL, '2017-10-06', 0, 0, 'Strasbourg', 67000, 0, 1, '1965-11-29', 0, 'b83e1054eb5da7843ed344d5ff0ed2d691e7392c', 0, 1, 1, 75),
(741, 221641687, 221641692, NULL, 'Meronn', 'Sapir', '9b9546f3e0c5993cde32a438e6e150fa354b5c85', 'sapir.meronn@gmail.com', NULL, '2017-10-06', 0, 0, 'Strasbourg', 67000, 0, 1, '1999-08-10', 0, '0a4e1ddb53e879f80d10f69e75351f8faefa01a5', 0, 1, 1, 75),
(742, 221671234, 221671239, NULL, 'juliette', 'blondel', 'edacb351b3e0552c0bbb1fa2dab00f7d0fcd94dc', 'juliettestyle@hotmail.com', NULL, '2017-10-06', 0, 0, 'Strasbourg', 67000, 0, 1, '1966-10-02', 0, '3d9014fdc90024832f35192bfaa8df635fd5f407', 0, 1, 2, 75),
(743, 221767371, 221767373, NULL, 'Anne', 'le ster', 'a09d5ab0d960e16193f180b16e0b9a6ab4e21ca7', 'anne2501@gmail.com', NULL, '2017-10-06', 0, 0, 'Strasbourg', 67000, 0, 1, '1979-01-25', 0, '9a137b37c8cea01a8165929ffa359b0b92dc2fa9', 0, 1, 2, 75),
(744, 221964436, 221964440, NULL, 'Kazmi', 'Syed ghayur abbas', '293c464acdf8d30c4ba5e9ac9739d40557397572', 'ghayur49@gmail.com', NULL, '2017-10-06', 0, 0, 'Strasbourg', 67000, 0, 1, '1989-12-05', 0, '573ba0c4033b1d6e756d54b6821b340e3e25f670', 0, 1, 1, 75),
(745, 222221987, 222221988, NULL, 'Germain', 'Batano', '9fe315fe6daf139eb11861cab0eb39e8e3788557', 'germain94350@gmail.com', NULL, '2017-10-07', 0, 0, 'Strasbourg', 67000, 0, 1, '2000-10-08', 0, 'd2206f4a159138c77fca191bfb7cbc105af4f02f', 0, 1, 1, 75),
(746, 222233723, 222233724, NULL, 'Ludovic', 'Largouet', '22d11a67d177369f3ce31a5c2003e89a535c7a44', 'dalmat91@hotmail.com', NULL, '2017-10-07', 0, 0, 'Strasbourg', 67000, 0, 1, '1984-12-30', 0, 'f74a6a6216792c1bc8e6d1a191319cbedc01dac3', 0, 1, 1, 75),
(747, 222241562, 222241565, NULL, 'Alexandre', 'Caignard', '5510e5d3dd13fdfaaf9be02682514450cd1f93cd', 'acaignar@gmail.com', NULL, '2017-10-07', 0, 0, 'Strasbourg', 67000, 0, 1, '1985-07-30', 0, 'f03597ff9c706dc01b88e2cd87e831950a35a46e', 0, 1, 1, 75),
(748, 222687030, 222687031, NULL, 'Mohamed', 'MOUSSAOUI', '0d8b7a41a4c8bba911cd80c1920d199d934f5d43', 'MM3415425@GMAIL.COM', NULL, '2017-10-08', 0, 0, 'MONTPELLIER', 34070, 620901025, 1, '1969-12-19', 0, '28c5c3e4d3d349134ba2603eacdcb9b7323bb0a4', 0, 1, 1, 75),
(749, 0, 0, '286519151849069', 'Alex', 'Patin', NULL, 'drone.go@yahoo.com', NULL, '2017-10-08', 0, 0, 'Strasbourg', 67000, 0, 1, '1970-01-01', 0, 'eb6a21de0eff7ab8dfc743e9be3a68263594c8a1', 0, 1, 1, 75),
(750, 222717463, 222717464, NULL, 'Arnaud ', 'Rayar ', '42146da3e49e87b1ffc5bcb3472a5fdb22b58e6d', 'arnaudrayar@hotmail.fr', NULL, '2017-10-08', 0, 0, 'Strasbourg', 67000, 0, 1, '1998-10-04', 0, '4de968122061d9b8108dcf39ef8aaf718fd6b235', 0, 1, 1, 75),
(751, 222823581, 222823584, NULL, 'Moise', 'Ratahina', 'a3683318e515dc4b69903dc9f1587966d5accd99', 'moiseratahina@gmail.com', NULL, '2017-10-08', 0, 0, 'Strasbourg', 67000, 0, 1, '1993-11-26', 0, '79565f483a5101ff60f88b3fa8b05f109cee4164', 0, 1, 1, 75),
(752, 222839142, 222839145, NULL, 'jeremie', 'boutboul', '4aa26d4d9be042bc75bc964cec271b2d6d588443', 'Jeremy.boutboul@hotmail.fr', NULL, '2017-10-08', 0, 0, 'Strasbourg', 67000, 0, 1, '1993-06-25', 0, '844b508adc424cbf837afbc0c13d16bfcaa9f405', 0, 1, 1, 75),
(753, 223107830, 223107831, NULL, 'Guillaume ', 'Riaublanc ', 'e1c15add3537608df68eb2948c049038889a91db', 'guigou_24@hotmail.fr', NULL, '2017-10-08', 0, 0, 'CLICHY', 92110, 64364473, 1, '1990-05-18', 0, 'd3084fb772dc9d26a983ea593cb3041575f797e9', 0, 1, 1, 75),
(754, 223925949, 223925952, NULL, 'Sophie', 'Hedtmann ', '5f50443bfe76f7279a8e0f2f0a98975cdbff38e9', 'shedtmann@unistra.fr', NULL, '2017-10-10', 0, 0, 'Strasbourg', 67000, 0, 1, '1974-11-17', 0, '1c5d9a502421f68825ef363b7f88ceb941d3b026', 0, 1, 2, 75),
(755, 224442232, 224442235, NULL, 'joe', 'joe', 'f0d130e4f1312e6daae353fa878a98b1e35406d3', 'q1624700@mvrht.net', NULL, '2017-10-11', 0, 0, 'Strasbourg', 67000, 0, 1, '1968-03-03', 0, '0ed5fab42663fbf87ea68f88b90a718beb1a341c', 0, 1, 1, 75),
(756, 0, 0, '10211134425940978', 'Oury', 'Bah López', NULL, 'oury0181@gmail.com', NULL, '2017-10-11', 0, 0, 'Strasbourg', 67000, 0, 1, '1970-01-01', 0, 'eaec64cfdfd7b2875580a21e15d7dfe10c3441eb', 0, 1, 1, 75),
(757, 224743247, 224743252, NULL, 'Gay', 'Perez', 'a3d30c525652e991cc2ea4b5cbf9e3be05157718', 'g.perez@ateed.fr', NULL, '2017-10-11', 0, 0, 'Strasbourg', 67000, 0, 1, '1983-07-12', 0, '31a2934e3403c6450a9090df8a08dc44e8215b65', 0, 1, 1, 75),
(758, 224955165, 224955166, NULL, 'Hadrien', 'MARTIN', 'd9bdc75a5ae0dc58237a92d6acf5827f6392130e', 'hadrien.martin@gmail.com', NULL, '2017-10-11', 0, 0, 'Strasbourg', 67000, 0, 1, '1987-09-07', 0, 'f2051df0ef1d15dde4408dd0bf5764fb8e1247b9', 0, 1, 1, 75),
(759, 224956091, 224956093, NULL, 'Gael', 'Depierre', 'cf39183a7a3eab21b62a073b576f12dfc9f704af', 'gael.depierre@wanadoo.fr', NULL, '2017-10-11', 0, 0, 'Strasbourg', 67000, 0, 1, '1982-05-12', 0, '07cadad2380205083941126e983e12edb157c184', 0, 1, 1, 75),
(760, 224992641, 224992643, NULL, 'nestor', 'Etaubal', '644187ecf48dc77572d061c7979a9c874ce3c38a', 'netaubal@gmail.com', NULL, '2017-10-12', 0, 0, 'Strasbourg', 67000, 0, 1, '1993-08-19', 0, 'd1f84c6eea6275ff98b95ef94e2f257b8e0a1bd7', 0, 1, 1, 75),
(761, 225416214, 225416217, NULL, 'Rida', 'CHOUBAI', 'f75801623a4180bf69574fe7122858e2c23a827d', 'redachoubai@gmail.com', NULL, '2017-10-12', 0, 0, 'Strasbourg', 67000, 0, 1, '1994-11-01', 0, '370b246c992a26676cb4d8ce7ad1f50963201084', 0, 1, 1, 75),
(762, 225517302, 225517304, NULL, 'Thibaut', 'Cierniak', 'a2adbb22b03940d7f41aeb732388d6583c580f70', 'thibaut.cierniak@live.fr', NULL, '2017-10-12', 0, 0, 'Paris', 75019, 76912690, 1, '1992-09-11', 0, '8b0dcb41e3e6f70cc56632dd34455dc5b8d07ecd', 0, 1, 1, 75),
(763, 225519024, 225519026, NULL, 'Maxime', 'Ghesquier', '300a8f31f1172e0c29fa330d86c04e1f44311c2c', 'maxime.ghesquier@gmail.com', NULL, '2017-10-12', 0, 0, 'Strasbourg', 67000, 0, 1, '1985-08-29', 0, '20f70c0e767e1e945898f01eb2d4404a1177799a', 0, 1, 1, 75),
(764, 225526018, 225526019, NULL, 'Christophe', 'BONNET', 'd97df9433ea320f68c14b5c060ed1e5c6e1a91e3', 'christophebonnet75@hotmail.com', NULL, '2017-10-12', 0, 0, 'paris', 75018, 660667518, 1, '1974-09-16', 0, 'a3119dc75797c0264a0bce251b0865a03474ebb1', 0, 1, 1, 75),
(765, 227343165, 227343166, NULL, 'Laurent', 'Bosal', 'aee2bc0cfead237f14be9d25b95a1d08fa752490', 'azerty.de@gmail.com', NULL, '2017-10-15', 0, 0, 'Strasbourg', 67000, 0, 1, '1980-06-06', 0, '1ec958fae0227670f1a267a8a2e7b680ef3732c9', 0, 1, 1, 75),
(766, 227970831, 227970840, NULL, 'Amélie', 'DRUGMANNE', '4303f7fbc75763e3133bf7714fc90f02260848b5', 'drugmanneamelie@gmail.com', NULL, '2017-10-17', 0, 0, 'Strasbourg', 67000, 0, 1, '1998-12-18', 0, '14efa0799f074a1e14f5f09cac8015de62027a4e', 0, 1, 2, 75),
(767, 228905984, 228905987, NULL, 'martin', 'boyer', '8bfefa788836e3e953cd0077b9326f866edcf9ad', 'jpnote22@gmail.com', NULL, '2017-10-18', 0, 0, 'Strasbourg', 67000, 0, 1, '1998-06-19', 0, 'b5590da0ddad1ffe62612b5a7dfd3308bb9a1557', 0, 1, 1, 75),
(768, 230232731, 230232735, NULL, 'Jean-Charles', 'Eydoux', '5447e1da856da1ad743efaa6b1e7766d22c3ba8b', 'bikerr@16charlemagne.fr', NULL, '2017-10-20', 0, 0, 'Paris', 75020, 769292828, 1, '1958-10-14', 0, 'd7098fbb6cc866319925b86b8268e0f88ed34cee', 0, 1, 1, 75),
(769, 230782522, 230782523, NULL, 'Christophe', 'LOUP', '782665b15687f0ce85c816194dec697865979e24', 'christophe.loup_bikerr@gadz.org', NULL, '2017-10-21', 0, 0, 'Strasbourg', 67000, 686811831, 1, '1963-04-28', 0, '47cdd58f38abc3408521c5c5d37655655a5ca2f6', 0, 1, 1, 75),
(770, 231099201, 231099202, NULL, 'Samy', 'AIT OUARABI ', '963801adca385025683558b883d1d5ca05c7dc1c', 'samy-aitouarabi@hotmail.fr', NULL, '2017-10-22', 0, 0, 'Strasbourg', 67000, 0, 1, '1996-12-25', 0, '5a8d489015f6698bc0358ec2f30df4e66806f4b8', 0, 1, 1, 75),
(771, 231121249, 231121252, NULL, 'Fabrice', 'Greciet', '38b841b2812c70cb20bc6b056f7e98cb4093de89', 'gfab01@aol.com', NULL, '2017-10-22', 0, 0, 'Strasbourg', 67000, 0, 1, '1966-02-06', 0, '2ca6c89a8ed062a4ac33f7c83095c9e9ea9b383c', 0, 1, 1, 75),
(772, 0, 0, '10207741592816821', 'Jean', 'de Montigny', NULL, 'j.hdemontigny@gmail.com', NULL, '2017-10-23', 0, 0, 'Strasbourg', 67000, 0, 1, '1970-01-01', 0, '26d351ba4f462850bb824e90c51857013308793e', 0, 1, 1, 75),
(773, 232444937, 232444940, NULL, 'Adrien', 'Constant', '59f9523ca1662dc2deb9e564907bff48933f3dd1', 'ad.constant@gmail.com', NULL, '2017-10-24', 0, 0, 'Strasbourg', 67000, 0, 1, '1984-07-17', 0, 'f2c81dde998fd9ee51dfe36d6c804f1ad6b556b5', 0, 1, 1, 75),
(774, 232668236, 232668239, NULL, 'Nicolas', 'Aubin', 'a83379fc1c4f473c1d0f50097af44eb4253a48a3', 'nicoco.aubin@hotmail.fr', NULL, '2017-10-24', 0, 0, 'Strasbourg', 67000, 0, 1, '1996-05-07', 0, '73b4b8e727413ae63c517f7de6b4a0f4aaecdc68', 0, 1, 1, 75),
(775, 233106101, 233106104, NULL, 'Oliver', 'Kozak', '11b568292a60907785498e4b456386c28dcd0ec3', 'imreoliver.kozak@gmail.com', NULL, '2017-10-25', 0, 0, 'Strasbourg', 67000, 0, 1, '1977-01-28', 0, '9bedd3c86440167919f5d0258680d14e3ef28295', 0, 1, 1, 75),
(776, 233726837, 233726843, NULL, 'Frederic', 'Laporte', '20606c3cd4799c72e0e4edc23db08f8a26940c07', 'fredolaporte@hotmail.com', NULL, '2017-10-26', 0, 0, 'Strasbourg', 67000, 0, 1, '1976-08-17', 0, 'e201644cd1ca6957885424be38a993647214ec3e', 0, 1, 1, 75),
(777, 235044549, 235044550, NULL, 'Yannis', 'E.', '2bf059912c31f71bcfe63905ba87cbebee310454', 'yannis.elam@lilo.org', NULL, '2017-10-28', 0, 0, 'Strasbourg', 67000, 0, 1, '2002-07-04', 0, 'd5fc947a3b5723d66c337e8b53e7d076dc5078eb', 0, 1, 1, 75),
(778, 235276888, 235276889, NULL, 'Ludo', 'Faure', '2ba34a306c58c2c44c21806fc68eac1ae53ebe87', 'ludofaure@yahoo.fr', NULL, '2017-10-29', 0, 0, 'Strasbourg', 67000, 0, 1, '1977-05-11', 0, '5585be0a550d52189848be809b353650b891293e', 0, 1, 1, 75),
(779, 235754836, 235754844, NULL, 'Sébastien', 'Bozon', '74c5bbb022fd265e93586831b2999425b7c24637', 'sebastien.bozon@afp.com', NULL, '2017-10-30', 0, 0, 'Strasbourg', 67000, 0, 1, '1977-07-27', 0, 'c0697dd4c1dd17eee57181019d2192532ec8c94d', 0, 1, 1, 75),
(780, 235892827, 235892864, NULL, 'Anne-Claire', 'CAZADE', '1652de2b7e2b46a532231082defbf2e8f0ee56d3', 'ehanneclaire@gmail.com', NULL, '2017-10-30', 0, 0, 'Nancy', 54000, 68289780, 1, '1965-12-21', 0, '30a207470be493bbe6243e3eb83791c42340a2e3', 0, 1, 2, 75),
(781, 0, 0, '10155813255545477', 'Francois', 'Clavel', NULL, 'francoisclavel@hotmail.com', NULL, '2017-10-31', 0, 0, 'Strasbourg', 67000, 0, 1, '1970-01-01', 0, 'b7191f250acf41aadcc77a7532ac670c9d3a89f8', 0, 1, 1, 75),
(782, 238255504, 238255506, NULL, 'David', 'Lichtlé', '85615ed5531c85326c757b2d93bb2b22275be80b', 'david.lichtle@gmail.com', NULL, '2017-11-03', 0, 0, 'Strasbourg', 67000, 0, 1, '1988-07-26', 0, 'bb11a0f7c1b3d021c0d3f342ff2bd76e13fc180c', 0, 1, 1, 75),
(783, 238364543, 238364550, NULL, 'Simon ', 'Defour ', '5ce8815273030ee888dbf92459b8868fdd53de87', 'simon.defour@gmail.com', NULL, '2017-11-03', 0, 0, 'Bourg Saint Andéol', 7700, 680285017, 1, '1989-10-05', 0, '877c0152f7eb41293fc1780dcf4df81e3f73e2ec', 0, 1, 1, 75),
(784, 0, 0, '10215432252905796', 'Timothé', 'Rey', NULL, 'timothe.rey@gmail.com', NULL, '2017-11-03', 0, 0, 'Strasbourg', 67000, 0, 1, '1970-01-01', 0, '7f22ba6c776e2261d5dcbf13deda4db9f8577726', 0, 1, 1, 75),
(785, 240232284, 240232285, NULL, 'Mathieu', 'Gonne-victoria', '73f290cf291f18b994022b8de16456b280b814e7', 'm.gonnevictoria@gmail.com', NULL, '2017-11-06', 0, 0, 'Strasbourg', 67000, 0, 1, '1992-01-28', 0, '058557ca64ddbca3b45b5df4d4677a1ef80e5601', 0, 1, 1, 75),
(786, 240497897, 240497898, NULL, 'Steeve', 'Hachenberg', 'c35fd362464a8cfa8d9be7623e99e9616bcae365', 'shachenberg@viastoria.com', NULL, '2017-11-07', 0, 0, 'Strasbourg', 67000, 0, 1, '1973-10-16', 0, 'fd3533e830fc86597d3e94bb937f3e96734216a8', 0, 1, 1, 75),
(787, 242859086, 242859088, NULL, 'Diane', 'Vanderstegen', '222278bfefc965ad21652b86b1febfddd92bb075', 'dianevanderstegen@live.fr', NULL, '2017-11-11', 0, 0, 'Strasbourg', 67000, 0, 1, '1990-01-29', 0, '92ce8166eb542edd9c4c65d79b3377de0b33c97d', 0, 1, 2, 75),
(788, 243044733, 243044735, NULL, 'Mario Alberto', 'Dulcey', '500e570ba3d4056a47261d8f82ae397a9e9e9fb4', 'marioalbertodulcey@hotmail.com', NULL, '2017-11-12', 0, 0, 'Strasbourg', 67000, 0, 1, '1996-02-27', 0, '36773bda5ae34a8086bb2a1892bb5ab05eede16f', 0, 1, 1, 75),
(789, 243768319, 243768320, NULL, 'Matthieu', 'Schielin', '362728d1f1ff951a433ce9eb4ce7a689156f8c85', 'matthieu_schielin@hotmail.com', NULL, '2017-11-14', 0, 0, 'Strasbourg', 67000, 0, 1, '1988-06-19', 0, '3eba0a507ffa8e24f004473b6995a5189dfec2da', 0, 1, 1, 75),
(790, 244071410, 244071432, NULL, 'Sophie', 'Boniface', 'a87dd51493325de03cb90d23447c04d7f6f9ae66', 'boniye971@hotmail.com', NULL, '2017-11-14', 0, 0, 'Strasbourg', 67000, 0, 1, '1982-09-21', 0, '5754dfeba1dd57fe29afdc3202e3a34dc54dd0e7', 0, 1, 2, 75),
(791, 244094469, 244094471, NULL, 'Ali', 'Hammi', '4be778b2ff82bfbd3e1fc2f89b12c2b95a4195e4', 'hammi.ali.68@gmail.com', NULL, '2017-11-14', 0, 0, 'Strasbourg', 67000, 0, 1, '1995-08-11', 0, '3233f9ecc22b3758c753e24a8fe2cbc88cb89c97', 0, 1, 1, 75),
(792, 244407906, 244407907, NULL, 'Magali', 'CHASSEPORT', '10c1b89b91e383027a8e568ab803316538c39305', 'machasseport@gmail.com', NULL, '2017-11-15', 0, 0, 'Strasbourg', 67000, 0, 1, '1980-07-13', 0, '37d0a2c377f9004efabb8d6f6617ce86c41ceb55', 0, 1, 2, 75),
(793, 244469007, 244469008, NULL, 'Florence', 'GOBEAUT', 'ee4280f44fb7c5e1df515584ee38566ce22ac45e', 'florence.gobeaut@free.fr', NULL, '2017-11-15', 0, 0, 'Strasbourg', 67000, 0, 1, '1977-05-14', 0, '00cbe38fe8cc96e09c2be5a33eb2115a6c113e3b', 0, 1, 2, 75),
(794, 244831206, 244831208, NULL, 'Khalil', 'MAKHLOUF ', '8d4b10992e5ae3bcc2200aeba7b7052412167fea', 'khalilmakhlouf0@gmail.com', NULL, '2017-11-16', 0, 0, 'Strasbourg', 67000, 0, 1, '1998-12-04', 0, 'a8789f9c242c0cb6202cb342cb68136d8b45a2d9', 0, 1, 1, 75),
(795, 0, 0, '10155865036773934', 'Jean-Luc', 'Le Moal', NULL, 'jlemoal@gmail.com', NULL, '2017-11-16', 0, 0, 'Strasbourg', 67000, 0, 1, '1970-01-01', 0, '8880dd83e2df9ef1bdc2f12c10a4cf3bd9182839', 0, 1, 1, 75),
(796, 246048518, 246048524, NULL, 'Paul', 'Delahaie', 'acbe3af77021e4e1d2abcbaabd642dfcec4af90f', 'pauldelahaie15031996@gmail.com', NULL, '2017-11-19', 0, 0, 'Strasbourg', 67000, 0, 1, '1998-12-28', 0, '948c0346bbdbb7883d73c2bcbb03953219a95129', 0, 1, 1, 75),
(797, 246090134, 246090138, NULL, 'emma', 'altide', '84fab4d8691d17c4450e830f80d1fea305e7deef', 'emma.altide7@hotmail.fr', NULL, '2017-11-19', 0, 0, 'Strasbourg', 67000, 0, 1, '1997-11-26', 0, 'b8f2fd8eb50c17ace87a9d9639bd41f49c306dad', 0, 1, 2, 75),
(798, 246301799, 246301829, NULL, 'Thierry', 'Garot', 'd89fa415d5a3233cb4dde698a9786c60e7e07f96', 'thierrygarot@gmail.com', NULL, '2017-11-19', 0, 0, 'Strasbourg', 67000, 0, 1, '1964-01-06', 0, 'b00160d4ed6bd075722bf1e9e6d48e7fe7292334', 0, 1, 1, 75),
(799, 246304872, 246304875, NULL, 'Brarhim ', 'Bouchikhi ', '3f591533fb6b35ac9c315bf9431f3d560d0a6049', 'brahimbouchikhi80@gmail.com', NULL, '2017-11-19', 0, 0, 'Strasbourg', 67000, 0, 1, '1980-02-08', 0, '1238e69dea99636d1c4237984877a25d561921ba', 0, 1, 1, 75),
(800, 246609921, 246609922, NULL, 'Malek', 'Boutar', 'e1d007cde5ea718e86e1e4e4d64f6fe280c6c862', 'b_malek@ymaill.com', NULL, '2017-11-20', 0, 0, 'Strasbourg', 67000, 0, 1, '1994-12-25', 0, 'bf2b3401e1510ac4b64528b892966b515fd9edad', 0, 1, 1, 75),
(801, 246632203, 246632204, NULL, 'a', 'c', '2c83b82639ea87c9a854078bacc65c07012f85be', 'a@d.fr', NULL, '2017-11-20', 0, 0, 'Strasbourg', 67000, 0, 1, '1988-06-04', 0, '4d27ba84123e1e042b435cfd761a3fad673f4f60', 0, 1, 1, 75),
(802, 246903207, 246903223, NULL, 'titi', 'lolo', '07fe02c90dbd9742677b8a055ab2bb474f09eb45', 'titi.titi@yopmaill.com', NULL, '2017-11-21', 0, 0, 'Strasbourg', 67000, 0, 1, '1971-01-01', 0, '3a5c6200e3a28ce18212655303f9a8aa2e8b7fde', 0, 1, 1, 75),
(803, 247243258, 247243259, NULL, 'Jean Jacques ', 'Bernardini ', '61877deaba20a03579305000e5594a8232f7c22d', 'jjbernardini@yahoo.fr', NULL, '2017-11-21', 0, 0, 'Strasbourg', 67000, 0, 1, '1969-06-03', 0, '80ece8916720ccc4b7398020ff89aef656053a00', 0, 1, 1, 75),
(804, 247447839, 247447841, NULL, 'alex', 'cabaret', '9cf3ad55a9dfa40c3d73e1bbb635b7038330e71c', 'alex@groundeffect.fr', NULL, '2017-11-22', 0, 0, 'Strasbourg', 67000, 0, 1, '1989-02-24', 0, '88aacef015edaa1db49479e2a39caf70b8f6af84', 0, 1, 1, 75),
(805, 249265559, 249265561, NULL, 'Martin', 'Sprauel', 'cc86a8b909c2224a277aec205aa796e9fbb7cb15', 'martin.sprauel@gmail.com', NULL, '2017-11-26', 0, 0, 'Strasbourg', 67000, 0, 1, '1992-11-14', 0, '024a623a575db2258cbb399e2dd24ccd185424e0', 0, 1, 1, 75),
(806, 251783148, 251783150, NULL, 'alain', 'diep', '34aa3f0ad847887cf018bffd47c5a39a2de221a9', 'alaindiep@hotmail.com', NULL, '2017-12-02', 0, 0, 'Strasbourg', 67000, 0, 1, '1978-08-02', 0, 'e6ba5bed277bf88bace87a338fc0477cd462aacf', 0, 1, 1, 75),
(807, 251822229, 251822231, NULL, 'Eric', 'Rousselot', '57be9ff1121c6b5abad4d83a17c78d5d1b0e5f1e', 'rec@gmx.fr', NULL, '2017-12-02', 0, 0, 'Strasbourg', 67000, 0, 1, '1974-01-31', 0, '59bd6de9810a39ad8e50bd7c92aa8d564e53bfa4', 0, 1, 1, 75),
(808, 0, 0, '10154880286792511', 'François', 'Ga', NULL, 'francois.galaine@gmail.com', NULL, '2017-12-06', 0, 0, 'Strasbourg', 67000, 0, 1, '1970-01-01', 0, '74ef98a44fcfca7c5c2bc6e9e1ccd2e96e51651d', 0, 1, 1, 75),
(809, 253340804, 253340805, NULL, 'Anthony', 'Bordron', '6f26a19401feaef957b71ec81152446b7a92ab93', 'anthony.bordron@gmail.com', NULL, '2017-12-06', 0, 0, 'Strasbourg', 67000, 0, 1, '1977-12-02', 0, 'e65052b5bd81ae3ecf484a17b5cd008e1e61ef20', 0, 1, 1, 75),
(810, 257856097, 257856099, NULL, 'Dorothee', 'Franquet', '4bd4dcf11b9a938d50149551f999448ba5085d78', 'dorothee.franquet@gmail.com', NULL, '2017-12-17', 0, 0, 'Strasbourg', 67000, 0, 1, '1985-05-18', 0, '34992f0da8fada33a2deba3216c234e209cfe18d', 0, 1, 2, 75),
(811, 0, 0, '1983113305038554', 'Magdalena', 'Grdanoska', NULL, 'magdalena.grdanoska@gmail.com', NULL, '2017-12-31', 0, 0, 'Strasbourg', 67000, 0, 1, '1970-01-01', 0, '7c0a03eefae26b861a4658e430aacd29466aa00c', 0, 1, 2, 75),
(812, 262249070, 262249071, NULL, 'Vincent', 'Wanie', '6fcd39b03f19c754e35ee56d50cd38d2dbcd0fb9', 'vincent.wanie@polimi.it', NULL, '2017-12-31', 0, 0, 'Strasbourg', 67000, 0, 1, '1990-05-12', 0, 'f89c1e531b1327e9760d862a4aab876b574da00f', 0, 1, 1, 75),
(813, 262446193, 262446196, NULL, 'thibault', 'liebenguth', '150b9fd806da1b85c7f88a0c5666656bea610014', 'tibolib@gmail.com', NULL, '2018-01-01', 0, 0, 'Strasbourg', 67000, 0, 1, '1979-06-07', 0, 'f2ff915e7cd2dd77593c394b2a021e0940426bb4', 0, 1, 1, 75),
(814, 263126389, 263126390, NULL, 'Elie', 'Ladias', '7386f2b51bd00aa5bd30e5a065f674686a7a940a', 'ladias.elie@gmail.com', NULL, '2018-01-03', 0, 0, 'Strasbourg', 67000, 0, 1, '1990-09-08', 0, '1809a9b8895953d092238020c6ebe8b679d519f8', 0, 1, 1, 75),
(815, 263273768, 263273769, NULL, 'Pierre', 'DEWAS', '29f254ddfde6fe46284b061fd87276614decb84b', 'pierre.dewas@gmail.com', NULL, '2018-01-04', 0, 0, 'Strasbourg', 67000, 0, 1, '1993-04-23', 0, '341ae279ca10a5223f95b0866078923d13fbf7fc', 0, 1, 1, 75),
(816, 264408730, 264408731, NULL, 'Jean-Marie', 'PIERRA', 'c79cbee0eaf031d7f9725e4274433b0685a87302', 'pierrajm@yahoo.fr', NULL, '2018-01-07', 0, 0, 'Strasbourg', 67000, 0, 1, '1971-12-04', 0, 'f8657dd8420ce0ac137b15a1500fa1a69bb04e5b', 0, 1, 1, 75),
(817, 264807512, 264807514, '1701220783234178', 'Quentin', 'BRETON', 'da39a3ee5e6b4b0d3255bfef95601890afd80709', 'qbreton8@gmail.com', NULL, '2018-01-08', 0, 0, 'Laneuveville-les-lorquin', 57790, 626960576, 1, '1996-09-30', 0, 'ffe61773bf2af1c18dcfb499afe168c732b448b7', 0, 1, 1, 75),
(818, 264807006, 264807009, NULL, 'Pascale', 'LAGAYE-FAUVEAU', '832a0c5b12a440bd8d0d58d9a7f78954fe080afb', 'pascalelagaye@gmail.com', NULL, '2018-01-08', 0, 0, 'Strasbourg', 67000, 0, 1, '1977-12-20', 0, '8b861b7b73745b7a29eb54392748cfdf20d59c80', 0, 1, 2, 75);
INSERT INTO `membre` (`id`, `id_mangopay`, `id_wallet`, `id_facebook`, `prenom`, `nom`, `password`, `email`, `avatar_image`, `date_inscription`, `nb_velo_emprunte`, `nb_velo_prete`, `ville`, `code_postal`, `tel`, `tel_public`, `date_naissance`, `membre_verifie`, `key_mdp`, `points`, `indic_tel_id`, `genre_id`, `pays_id`) VALUES
(819, 266522630, 266522631, NULL, 'Léa', 'Lemmel', 'd404a7bfa8f018e87b16161d6d76e1701008c298', 'lea.lemmel@hotmail.fr', NULL, '2018-01-12', 0, 0, 'Strasbourg', 67000, 0, 1, '1995-04-06', 0, '8603be86c6ea6272427b05c653e4b6a620d7db84', 0, 1, 2, 75),
(820, 269231095, 269231096, NULL, 'Baptiste', 'Chevalier Duflot ', '034a147166d024494ad02bb472523a9a264e7f24', 'baptiste.cduflot@gmail.com', NULL, '2018-01-19', 0, 0, 'Montreuil', 93100, 619126441, 1, '1983-07-12', 0, '7a1abd817a9f08fb77e95ca348b1c9d4bc62aeff', 0, 1, 1, 75),
(821, 275719146, 275719147, NULL, 'Oryanne', 'Bertaux', '26db73d94b99d02356acadc4f4d43f543c7682ac', 'oryanne.b.1@gmail.com', NULL, '2018-02-04', 0, 0, 'NANCY', 54000, 67960387, 1, '1993-01-28', 0, '771afda912d4857aaa7cb97391444ae337a3a973', 0, 1, 2, 75),
(822, 276822722, 276822724, NULL, 'Laura', 'Siegwald', '6ea05d3590ce8e0397685b3bb0bd9c050546dcf7', 'laura.siegwald@gmail.com', NULL, '2018-02-06', 0, 0, 'Strasbourg', 67000, 0, 1, '1993-04-04', 0, 'ce1e40f278af00921598a30d074e32cf070cc20e', 0, 1, 2, 75),
(823, 277197802, 277197804, NULL, 'Cindy', 'Spies', '68d74d9c00a724e3ebf1ba508c20e4ec3781bd15', 'cindy.spies04@gmail.com', NULL, '2018-02-07', 0, 0, 'Strasbourg', 67000, 0, 1, '1993-10-04', 0, 'a27e18d3b7832da21337d90e218a390367c96852', 0, 1, 2, 75),
(824, 0, 0, '2091972164366944', 'Tom', 'Velo', NULL, 'velotomsbar@gmail.com', NULL, '2018-02-16', 0, 0, 'Strasbourg', 67000, 0, 1, '1970-01-01', 0, '6294d0ad5a77185f7ef1116d0afbfc0b017d3c28', 0, 1, 1, 75),
(825, 282335542, 282335545, NULL, 'Consorzio', 'RFX-IGI', '782dd27ea8e3b4f4095ffa38eeb4d20b59069077', 'takeysw@gmx.com', NULL, '2018-02-19', 0, 0, 'Strasbourg', 67000, 0, 1, '1954-11-21', 0, '23bb2a984af799be914e2db9775c5bdd951ce593', 0, 1, 1, 75),
(826, 284329642, 284329644, NULL, 'Francois', 'Descraques', '30b1a040fe16bf11333479088078fc2304def24d', 'c.descraques@laposte.net', NULL, '2018-02-24', 0, 0, 'Strasbourg', 67000, 0, 1, '1982-07-07', 0, '286275991c96f1bd5ed64e59d822802716730e08', 0, 1, 1, 75),
(827, 289586875, 289586876, NULL, 'Yves', 'MAAREK', 'e8f2dccc0fa3c4916b2a00fc1116293fa7908a83', 'le__squale@hotmail.com', NULL, '2018-03-07', 0, 0, 'Strasbourg', 67000, 0, 1, '1981-04-17', 0, 'a0b693ed529162f4cde56b05762f1c9df1048366', 0, 1, 1, 75),
(828, 290820329, 290820332, NULL, 'Tiphaine', 'SAULNIER', '38508c7216f259b41545d0b4ce279e4fad16f5af', 'raztiti@hotmail.fr', NULL, '2018-03-10', 0, 0, 'Strasbourg', 67000, 0, 1, '1996-04-20', 0, '3daff008acbd14158b09303228a9414fe4ce61e8', 0, 1, 2, 75),
(829, 292060521, 292060523, NULL, 'julie', 'le bouteiller', '64cfcda52c13cfdfef4d0fe5dee4e71f7e4063b6', 'lebouteiller.julie@gmail.com', NULL, '2018-03-13', 0, 0, 'Strasbourg', 67000, 0, 1, '1981-11-02', 0, '4f1aea637a4c37a0be18582fdc4541007cd901f9', 0, 1, 2, 75),
(830, 295038081, 295038084, NULL, 'mohamed', 'hammoumi', '672d8fb321a87cf1e7867133d5561be30503e7f0', 'mohd.hm@laposte.net', NULL, '2018-03-19', 0, 0, 'Strasbourg', 67000, 0, 1, '1969-03-15', 0, 'dac706583dac133ba82ad3d7ff059ac08d429fa9', 0, 1, 1, 75),
(831, 295279889, 295279893, NULL, 'Sarah', 'Leslie', '03dd8b7f0affe27fc4beb2c2ad6441fe91f70a7a', 'sarahleslie1@gmail.com', NULL, '2018-03-19', 0, 0, 'Strasbourg', 67000, 0, 1, '1991-11-24', 0, '4ebffd2a919bc9d252bf946ccfab5fddf3afef9c', 0, 1, 2, 75),
(832, 295768494, 295768496, NULL, 'Julien', 'Krau', '6f5d81d8a558cee3714d7304af0bb36067aa363f', 'julien.krau@gmail.com', NULL, '2018-03-21', 0, 0, 'Strasbourg', 67000, 0, 1, '1990-12-24', 0, '1f614f17f5e7cbae11ed75c9c5c4e2fc740c750f', 0, 1, 1, 75),
(833, 297405298, 297405300, NULL, 'fabrice', 'CREYX', '43bac5038a31b1899198f563979abc1e2123bbae', 'fa2009@sfr.fr', NULL, '2018-03-24', 0, 0, 'Strasbourg', 67000, 0, 1, '1973-10-08', 0, '383ffeff3cf292a6ddb75ee6a4445886edd588e2', 0, 1, 1, 75),
(834, 0, 0, '10213730035517290', 'Emmanuel', 'Djouna', NULL, 'manu.danjou@gmail.com', NULL, '2018-03-26', 0, 0, 'Strasbourg', 67000, 0, 1, '1970-01-01', 0, '98f4a0793e06191c382ecc6eb507631ab6edf3db', 0, 1, 1, 75),
(835, 300382514, 300382515, NULL, 'hte', 'zrg', 'f1020370143dc135e4b08135a1d70c64e8b74fa1', 'zrg@hotmail.fr', NULL, '2018-03-30', 0, 0, 'Strasbourg', 67000, 0, 1, '1998-10-18', 0, 'c7b743de9a8f4b2501cdeccd869c75acb4fbf60b', 0, 1, 2, 75),
(836, 300696763, 300696764, NULL, 'Sylvain', 'HECK', 'a5c442e81c18d00b1301f4a69bdef52bebf8585d', 'sylvain.heck@laposte.net', NULL, '2018-03-31', 0, 0, 'Strasbourg', 67000, 0, 1, '1975-01-21', 0, '934e37d9a0d44e7f11210be9c2a62463585a8b6b', 0, 1, 1, 75),
(837, 0, 0, '10213571460335374', 'Egle', 'Risola', NULL, 'egle.risola@live.it', NULL, '2018-04-04', 0, 0, 'Strasbourg', 67000, 0, 1, '1970-01-01', 0, '2eb8c96973e65b4a11b383950a6da4af0d4acc81', 0, 1, 2, 75),
(838, 302949955, 302949960, NULL, 'luc', 'huet', '930dfd75ba37253aee727bda686184384154ff9c', 'luc.huet@wildcodeschool.fr', NULL, '2018-04-05', 0, 0, 'Strasbourg', 67000, 0, 1, '1988-03-17', 0, 'a0c4ea9b06e89a3e07d8676937c9997a68cb394c', 0, 1, 1, 75),
(839, 303189099, 303189102, NULL, 'Denis', 'Novak', '672109b4fb589bb56c5db70efef324ee21d99fcc', 'denis48105@gmail.com', NULL, '2018-04-05', 0, 0, 'Strasbourg', 67000, 0, 1, '1971-03-27', 0, '1024337a1aea857ed5152451e3958a1e25d44e24', 0, 1, 1, 75),
(840, 303849409, 303849410, '10211354349963441', 'Julien', 'Fromentin', '6879af5ea30f1fb2dfcf5e051ecc38f0fcfb6b61', 'fromentin.julien@hotmail.fr', NULL, '2018-04-07', 0, 0, 'Strasbourg', 67000, 0, 1, '1994-12-19', 0, '0bd37699553507be9641eb16919bf1540f1543c0', 0, 1, 1, 75),
(841, 303878821, 303878822, NULL, 'Anne Sophie', 'Barbe', '9ac53a0c71a68446dca34dfb5564bd286cb63dea', 'anneso.barbe@gmail.com', NULL, '2018-04-07', 0, 0, 'Strasbourg', 67000, 0, 1, '1992-05-21', 0, '977f56656cc62feb2e81d8f3f88074892309505e', 0, 1, 2, 75),
(842, 303885860, 303885861, NULL, 'Arjan', 'NAAKTGEBOREN', '57e2eccdafe7fbc3455ed79f38097f9d811bf9d7', 'arjan.naaktgeboren@gmail.com', NULL, '2018-04-07', 0, 0, 'Strasbourg', 67000, 0, 1, '1988-07-30', 0, '3978a664df31cabfd76382488aa89c4cc149792c', 0, 1, 1, 75),
(843, 304362307, 304362310, NULL, 'max', 'Buchinger', '7c4a8d09ca3762af61e59520943dc26494f8941b', 'mbuchinger2603@gmail.com', NULL, '2018-04-08', 0, 0, 'Strasbourg', 67000, 0, 1, '1996-04-27', 0, 'e7e47963c5c64241045e2c7baaf8dd841924f991', 0, 1, 1, 75),
(844, 306020609, 306020610, NULL, 'Adeline', 'Gogé Lefaivre', '790dc849c85614e6dab2e58f87995041c637ca2e', 'adeline.lefaivre@gmail.com', NULL, '2018-04-11', 0, 0, 'Strasbourg', 67000, 0, 1, '1971-08-04', 0, '292912fdfc72bd2053dbbcf5079a21588b7f0d35', 0, 1, 2, 75),
(845, 307223569, 307223571, NULL, 'Yasser', 'RABI', 'b1307bdf3ea92aaa5f839eca045e1fb8005e5adb', 'yachironi@hotmail.com', NULL, '2018-04-13', 0, 0, 'Strasbourg', 67000, 0, 1, '1991-08-15', 0, '3115a5349511ad2ece2e16920d5011f8b1255c61', 0, 1, 1, 75),
(846, 307532108, 307532109, NULL, 'Charles', 'Dumenil', '45ca70939de6c3a85e09758ed263b80763a866b6', 'charles.dumenil@gmail.com', NULL, '2018-04-14', 0, 0, 'Strasbourg', 67000, 0, 1, '1993-07-27', 0, '089356033eceebb751029d2b47a2f50501a16eb8', 0, 1, 1, 75),
(847, 318921896, 318921899, NULL, 'gilles', 'liotard', '5439a7b617bc31a3ed4674c9cb017a3e2a9770a6', 'gillespockpock@hotmail.fr', NULL, '2018-04-15', 0, 0, 'Strasbourg', 67000, 0, 1, '1986-08-01', 0, '16f7690aa49df2da9ca02b272a90373eaafd601d', 0, 1, 1, 75),
(848, 321262023, 321262030, NULL, 'Mialanes', 'Andréa', '89ee73ec6a102a378dd5a6b987d2f1c9b1516f8b', 'andreasenalaim@live.fr', NULL, '2018-04-20', 0, 0, 'Strasbourg', 67000, 0, 1, '1981-10-12', 0, '121c24999c1f805c9a732e02f35adefc4f041e59', 0, 1, 2, 75),
(849, 321391156, 321391158, NULL, 'marina', 'gaspard', 'aac287b2f9c0e1064a0e96133cced99d33327474', 'mrn.gaspard@gmail.com', NULL, '2018-04-20', 0, 0, 'Strasbourg', 67000, 0, 1, '1991-04-03', 0, '940ddc99de3f96aea46248a934f6eba2ec93ffc0', 0, 1, 2, 75),
(850, 321994794, 321994795, NULL, 'Marion', 'Giraud', '109b5c7246f087aa4b5c89902eb386bc6b0d0258', 'mariongiraud373@hotmail.com', NULL, '2018-04-21', 0, 0, 'Strasbourg', 67000, 0, 1, '1985-07-06', 0, '5675264b50593d0054ebac939ebe5e402a643bae', 0, 1, 2, 75),
(851, 322110960, 322110965, NULL, 'Guillaume', 'Redaud', 'e7f4d8f1f9c7172eec256434daf1ff74dee32874', 'guillaume.redaud@gmail.com', NULL, '2018-04-22', 0, 0, 'Strasbourg', 67000, 0, 1, '1969-02-19', 0, '446a3f0f2fa2f50b0192d9988edd3784d94d2d9e', 0, 1, 1, 75),
(852, 0, 0, '1684060961629576', 'Eric', 'Stoltz', NULL, 'estoltz@laposte.net', NULL, '2018-04-22', 0, 0, 'Strasbourg', 67000, 0, 1, '1970-01-01', 0, 'efc9576ddfcfbbffc0b4acfb26c8e6e1e6a7ce42', 0, 1, 1, 75),
(853, 322509549, 322509552, NULL, 'Alexandre', 'MIMOUNI', 'f9d066c82a9bacb067ee1a459503399f00057b29', 'alexandre.mimouni@gmail.com', NULL, '2018-04-23', 0, 0, 'Strasbourg', 67000, 0, 1, '1981-05-10', 0, '6fe8aaef850d084409040f446ef6a3c99d0be69b', 0, 1, 1, 75),
(854, 324691127, 324691128, NULL, 'etienne', 'cabouat', '7da33cadaf72029c20a56854773212de45e926b8', 'mrsadakasamir@gmail.com', NULL, '2018-04-27', 0, 0, 'Strasbourg', 67000, 0, 1, '1989-05-09', 0, '6a290c81317da3afcea8eae06a934287ee37077b', 0, 1, 1, 75),
(855, 0, 0, '10156298228173908', 'Yılmaz', 'Pütün', NULL, 'yilmaz.putun@hotmail.com', NULL, '2018-04-29', 0, 0, 'Strasbourg', 67000, 0, 1, '1970-01-01', 0, '59a276dd77b360fce0fbba70a35e456d210218a3', 0, 1, 1, 75),
(856, 327583450, 327583451, NULL, 'abdulelah', 'alolayan', 'f91d8f69c042267444b74cc0b3c747757eb0e065', 'abdulelahlaolayan@gmail.com', NULL, '2018-05-03', 0, 0, 'Strasbourg', 67000, 0, 1, '1994-10-15', 0, '62b02db552dff0c053af3e6e4b2accc90bbccca7', 0, 1, 1, 75),
(857, 330357071, 330357074, NULL, 'Lucile', 'Naslot', '4bef095370982e99cf61cc6da3644bdec96d8d5b', 'naslot.lucile@gmail.com', NULL, '2018-05-09', 0, 0, 'Strasbourg', 67000, 0, 1, '1998-04-13', 0, 'f2cb71ecf2575ccc8efb348d520b0e9476092229', 0, 1, 2, 75),
(858, 331032502, 331032503, NULL, 'Marie-France', 'Rougier', '591c979077939723d65d24148e73089e578315ee', 'mariefrancerougier@yahoo.fr', NULL, '2018-05-10', 0, 0, 'Strasbourg', 67000, 0, 1, '1953-04-12', 0, '22130d25232719addbdfd141108bb257e40f1279', 0, 1, 2, 75),
(859, 0, 0, '10156906323863268', 'Clément', 'Bohic', NULL, 'clemb90@hotmail.fr', NULL, '2018-05-13', 0, 0, 'Strasbourg', 67000, 0, 1, '1970-01-01', 0, '45cc2a0a03671c5c6545389c6a12728a52173dc5', 0, 1, 1, 75),
(860, 333305590, 333305591, NULL, 'kvdslkvd', 'aurel', '9cf95dacd226dcf43da376cdb6cbba7035218921', 'orelio67200@free.fr', NULL, '2018-05-15', 0, 0, 'Strasbourg', 67000, 0, 1, '1996-11-20', 0, '8dd8877f0991578965f1e3ec87af9aae72129d40', 0, 1, 1, 75),
(861, 333306528, 333306530, NULL, 'Xavier', 'Vierling', 'aa1c31200beb4655f9df86eb77cef9e3134239ba', 'xvrlng@gmail.com', NULL, '2018-05-15', 0, 0, 'Strasbourg', 67000, 0, 1, '1983-08-27', 0, '5d935ebc5a79427fb5d7e53a515c14cfd3b4a6e0', 0, 1, 1, 75),
(862, 333306744, 333306745, NULL, 'Hery', 'Rasamimanana', '40e2d0f3660693a22d0dd580f5d724ab415a3424', 'hery.rasamimanana@gmail.com', NULL, '2018-05-15', 0, 0, 'Strasbourg', 67000, 0, 1, '1983-12-01', 0, '8c885f0d3dc4235184a64bcee30c5cfe5cd95eea', 0, 1, 1, 75),
(863, 333663803, 333663804, NULL, 'Ilya', 'SIDELNIKOV', '72195f13c5462c644f192b8df9f0b3d2ddf65878', 'zartos27@yahoo.fr', NULL, '2018-05-16', 0, 0, 'Strasbourg', 67000, 0, 1, '1976-08-27', 0, '3daece110e9adda4ca7d9787b0159213a89658df', 0, 1, 1, 75),
(864, 333664026, 333664030, NULL, 'aurel', 'martin', 'a63f52048a3256045f0e6c5a4985fd228aac28b7', 'atomic67200@gmail.com', NULL, '2018-05-16', 0, 0, 'Strasbourg', 67200, 76234598, 1, '1984-04-28', 0, '83ffd8ad62a545119a892015d0ad17434e5f75e5', 0, 1, 1, 75),
(865, 0, 0, '236175770485545', 'Jonathan', 'Papauré', NULL, 'jonathan.papaure@gmail.com', NULL, '2018-05-21', 0, 0, 'Strasbourg', 67000, 0, 1, '1970-01-01', 0, 'e1dd717612168c82ce5e0d9f256a07ce2d5febc5', 0, 1, 1, 75),
(866, 336494430, 336494432, NULL, 'Jonathan', 'Decocq', '0fda9382c1cbe14f58c4649b6510ca3f644c09f1', 'decocq-j@netcourrier.com', NULL, '2018-05-21', 0, 0, 'Châtenay-Malabry', 92290, 674306382, 1, '1984-02-16', 0, '8594b2bc341b1c3264729c2fe1f21f3a60d3c733', 0, 1, 1, 75),
(867, 336728785, 336728789, NULL, 'Loan', 'Viana', '42488b0298a90e243b4c6c1b1e59d9bc23cb7dc1', 'viana.loan@gmail.com', NULL, '2018-05-22', 0, 0, 'Strasbourg', 67000, 0, 1, '1996-10-09', 0, 'c7fac61e26a4e0cf49a3f4ba18f5f97d4c3fa378', 0, 1, 1, 75),
(868, 0, 0, '2145596335663487', 'Séraphin', 'Berchet', NULL, 'berchetseraphin@gmail.com', NULL, '2018-05-22', 0, 0, 'Strasbourg', 67000, 0, 1, '1970-01-01', 0, '90ed52290cc3c1ef697d2c07c563dac5e4b45193', 0, 1, 1, 75),
(869, 336746156, 336746182, NULL, 'TRISTAN', 'MARTELET', '1eb4f626f2fd32d05dd397b65429ac145986221b', 'martelettristan@gmail.com', NULL, '2018-05-22', 0, 0, 'Strasbourg', 67000, 0, 1, '1995-09-22', 0, 'c95125bbcbc45c1c12f71ba47a9a623a8442bb16', 0, 1, 1, 75),
(870, 336849285, 336849287, NULL, 'Jennifer', 'Lieby', '6c5e5b20ba444799759e4933c9930c34bce5547a', 'jennifr.lb@gmail.com', NULL, '2018-05-22', 0, 0, 'Strasbourg', 67000, 0, 1, '1988-11-02', 0, '831e2decd483fbdd257cc05cfdabea51bb3af225', 0, 1, 2, 75),
(871, 336854643, 336854650, NULL, 'Clément', 'VACHER', '0242cba4ab087189c8276588a5b7698dc71259d3', 'vacherclement.cv@gmail.com', NULL, '2018-05-22', 0, 0, 'Strasbourg', 67000, 0, 1, '1997-09-01', 0, 'b6c58827fd353ad462ffceead7dce5858afb64e6', 0, 1, 1, 75),
(872, 337357911, 337357913, NULL, 'Greg', 'M', 'be84fe24beac8b701bbc390bc2648a327835a2e9', 'growler76@gmail.com', NULL, '2018-05-23', 0, 0, 'Strasbourg', 67000, 0, 1, '1975-12-29', 0, '0632dfdb08d286eeb3d2ba12ada606cca1dad41d', 0, 1, 1, 75),
(873, 0, 0, '1279714772165719', 'Alan', 'Morel', NULL, 'a.morel757@laposte.net', NULL, '2018-05-24', 0, 0, 'Strasbourg', 67000, 0, 1, '1970-01-01', 0, '4c25adc517369a771840943c745e468c72fa40bb', 0, 1, 1, 75),
(874, 340254444, 340254447, NULL, 'Gaël', 'Cuenot', '808afcc78706fbc2e0249e059d934007091af1f9', 'gael.cuenot@gmail.com', NULL, '2018-05-29', 0, 0, 'Strasbourg', 67000, 0, 1, '1983-08-15', 0, 'ae8d1560e205dcf77aa1d9014c40b7b8a887fd05', 0, 1, 1, 75),
(875, 340493106, 340493109, NULL, 'Micha', 'Russot', '6111c734d035a3f07c9ba2619e45a79f2b5e5f1b', 'micha45230m@gmail.com', NULL, '2018-05-29', 0, 0, 'Strasbourg', 67000, 0, 1, '1989-02-02', 0, '7d1cd6c3c751932589cb5a853d6414d25975d258', 0, 1, 1, 75);

-- --------------------------------------------------------

--
-- Table structure for table `pays`
--
-- Creation: Jun 06, 2018 at 08:58 AM
-- Last update: Jun 06, 2018 at 08:58 AM
--

DROP TABLE IF EXISTS `pays`;
CREATE TABLE `pays` (
  `id` int(11) NOT NULL,
  `code` int(11) NOT NULL,
  `alpha2` varchar(5) COLLATE utf8_unicode_ci NOT NULL,
  `alpha3` varchar(10) COLLATE utf8_unicode_ci NOT NULL,
  `nom_en` varchar(255) COLLATE utf8_unicode_ci NOT NULL,
  `nom_fr` varchar(255) COLLATE utf8_unicode_ci NOT NULL
) ENGINE=InnoDB DEFAULT CHARSET=utf8 COLLATE=utf8_unicode_ci;

--
-- Dumping data for table `pays`
--

INSERT INTO `pays` (`id`, `code`, `alpha2`, `alpha3`, `nom_en`, `nom_fr`) VALUES
(1, 4, 'AF', 'AFG', 'Afghanistan', 'Afghanistan'),
(2, 8, 'AL', 'ALB', 'Albania', 'Albanie'),
(3, 10, 'AQ', 'ATA', 'Antarctica', 'Antarctique'),
(4, 12, 'DZ', 'DZA', 'Algeria', 'Algérie'),
(5, 16, 'AS', 'ASM', 'American Samoa', 'Samoa Américaines'),
(6, 20, 'AD', 'AND', 'Andorra', 'Andorre'),
(7, 24, 'AO', 'AGO', 'Angola', 'Angola'),
(8, 28, 'AG', 'ATG', 'Antigua and Barbuda', 'Antigua-et-Barbuda'),
(9, 31, 'AZ', 'AZE', 'Azerbaijan', 'Azerbaïdjan'),
(10, 32, 'AR', 'ARG', 'Argentina', 'Argentine'),
(11, 36, 'AU', 'AUS', 'Australia', 'Australie'),
(12, 40, 'AT', 'AUT', 'Austria', 'Autriche'),
(13, 44, 'BS', 'BHS', 'Bahamas', 'Bahamas'),
(14, 48, 'BH', 'BHR', 'Bahrain', 'Bahreïn'),
(15, 50, 'BD', 'BGD', 'Bangladesh', 'Bangladesh'),
(16, 51, 'AM', 'ARM', 'Armenia', 'Arménie'),
(17, 52, 'BB', 'BRB', 'Barbados', 'Barbade'),
(18, 56, 'BE', 'BEL', 'Belgium', 'Belgique'),
(19, 60, 'BM', 'BMU', 'Bermuda', 'Bermudes'),
(20, 64, 'BT', 'BTN', 'Bhutan', 'Bhoutan'),
(21, 68, 'BO', 'BOL', 'Bolivia', 'Bolivie'),
(22, 70, 'BA', 'BIH', 'Bosnia and Herzegovina', 'Bosnie-Herzégovine'),
(23, 72, 'BW', 'BWA', 'Botswana', 'Botswana'),
(24, 74, 'BV', 'BVT', 'Bouvet Island', 'Île Bouvet'),
(25, 76, 'BR', 'BRA', 'Brazil', 'Brésil'),
(26, 84, 'BZ', 'BLZ', 'Belize', 'Belize'),
(27, 86, 'IO', 'IOT', 'British Indian Ocean Territory', 'Territoire Britannique de l\'Océan Indien'),
(28, 90, 'SB', 'SLB', 'Solomon Islands', 'Îles Salomon'),
(29, 92, 'VG', 'VGB', 'British Virgin Islands', 'Îles Vierges Britanniques'),
(30, 96, 'BN', 'BRN', 'Brunei Darussalam', 'Brunéi Darussalam'),
(31, 100, 'BG', 'BGR', 'Bulgaria', 'Bulgarie'),
(32, 104, 'MM', 'MMR', 'Myanmar', 'Myanmar'),
(33, 108, 'BI', 'BDI', 'Burundi', 'Burundi'),
(34, 112, 'BY', 'BLR', 'Belarus', 'Bélarus'),
(35, 116, 'KH', 'KHM', 'Cambodia', 'Cambodge'),
(36, 120, 'CM', 'CMR', 'Cameroon', 'Cameroun'),
(37, 124, 'CA', 'CAN', 'Canada', 'Canada'),
(38, 132, 'CV', 'CPV', 'Cape Verde', 'Cap-vert'),
(39, 136, 'KY', 'CYM', 'Cayman Islands', 'Îles Caïmanes'),
(40, 140, 'CF', 'CAF', 'Central African', 'République Centrafricaine'),
(41, 144, 'LK', 'LKA', 'Sri Lanka', 'Sri Lanka'),
(42, 148, 'TD', 'TCD', 'Chad', 'Tchad'),
(43, 152, 'CL', 'CHL', 'Chile', 'Chili'),
(44, 156, 'CN', 'CHN', 'China', 'Chine'),
(45, 158, 'TW', 'TWN', 'Taiwan', 'Taïwan'),
(46, 162, 'CX', 'CXR', 'Christmas Island', 'Île Christmas'),
(47, 166, 'CC', 'CCK', 'Cocos (Keeling) Islands', 'Îles Cocos (Keeling)'),
(48, 170, 'CO', 'COL', 'Colombia', 'Colombie'),
(49, 174, 'KM', 'COM', 'Comoros', 'Comores'),
(50, 175, 'YT', 'MYT', 'Mayotte', 'Mayotte'),
(51, 178, 'CG', 'COG', 'Republic of the Congo', 'République du Congo'),
(52, 180, 'CD', 'COD', 'The Democratic Republic Of The Congo', 'République Démocratique du Congo'),
(53, 184, 'CK', 'COK', 'Cook Islands', 'Îles Cook'),
(54, 188, 'CR', 'CRI', 'Costa Rica', 'Costa Rica'),
(55, 191, 'HR', 'HRV', 'Croatia', 'Croatie'),
(56, 192, 'CU', 'CUB', 'Cuba', 'Cuba'),
(57, 196, 'CY', 'CYP', 'Cyprus', 'Chypre'),
(58, 203, 'CZ', 'CZE', 'Czech Republic', 'République Tchèque'),
(59, 204, 'BJ', 'BEN', 'Benin', 'Bénin'),
(60, 208, 'DK', 'DNK', 'Denmark', 'Danemark'),
(61, 212, 'DM', 'DMA', 'Dominica', 'Dominique'),
(62, 214, 'DO', 'DOM', 'Dominican Republic', 'République Dominicaine'),
(63, 218, 'EC', 'ECU', 'Ecuador', 'Équateur'),
(64, 222, 'SV', 'SLV', 'El Salvador', 'El Salvador'),
(65, 226, 'GQ', 'GNQ', 'Equatorial Guinea', 'Guinée Équatoriale'),
(66, 231, 'ET', 'ETH', 'Ethiopia', 'Éthiopie'),
(67, 232, 'ER', 'ERI', 'Eritrea', 'Érythrée'),
(68, 233, 'EE', 'EST', 'Estonia', 'Estonie'),
(69, 234, 'FO', 'FRO', 'Faroe Islands', 'Îles Féroé'),
(70, 238, 'FK', 'FLK', 'Falkland Islands', 'Îles (malvinas) Falkland'),
(71, 239, 'GS', 'SGS', 'South Georgia and the South Sandwich Islands', 'Géorgie du Sud et les Îles Sandwich du Sud'),
(72, 242, 'FJ', 'FJI', 'Fiji', 'Fidji'),
(73, 246, 'FI', 'FIN', 'Finland', 'Finlande'),
(74, 248, 'AX', 'ALA', 'Åland Islands', 'Îles Åland'),
(75, 250, 'FR', 'FRA', 'France', 'France'),
(76, 254, 'GF', 'GUF', 'French Guiana', 'Guyane Française'),
(77, 258, 'PF', 'PYF', 'French Polynesia', 'Polynésie Française'),
(78, 260, 'TF', 'ATF', 'French Southern Territories', 'Terres Australes Françaises'),
(79, 262, 'DJ', 'DJI', 'Djibouti', 'Djibouti'),
(80, 266, 'GA', 'GAB', 'Gabon', 'Gabon'),
(81, 268, 'GE', 'GEO', 'Georgia', 'Géorgie'),
(82, 270, 'GM', 'GMB', 'Gambia', 'Gambie'),
(83, 275, 'PS', 'PSE', 'Occupied Palestinian Territory', 'Territoire Palestinien Occupé'),
(84, 276, 'DE', 'DEU', 'Germany', 'Allemagne'),
(85, 288, 'GH', 'GHA', 'Ghana', 'Ghana'),
(86, 292, 'GI', 'GIB', 'Gibraltar', 'Gibraltar'),
(87, 296, 'KI', 'KIR', 'Kiribati', 'Kiribati'),
(88, 300, 'GR', 'GRC', 'Greece', 'Grèce'),
(89, 304, 'GL', 'GRL', 'Greenland', 'Groenland'),
(90, 308, 'GD', 'GRD', 'Grenada', 'Grenade'),
(91, 312, 'GP', 'GLP', 'Guadeloupe', 'Guadeloupe'),
(92, 316, 'GU', 'GUM', 'Guam', 'Guam'),
(93, 320, 'GT', 'GTM', 'Guatemala', 'Guatemala'),
(94, 324, 'GN', 'GIN', 'Guinea', 'Guinée'),
(95, 328, 'GY', 'GUY', 'Guyana', 'Guyana'),
(96, 332, 'HT', 'HTI', 'Haiti', 'Haïti'),
(97, 334, 'HM', 'HMD', 'Heard Island and McDonald Islands', 'Îles Heard et Mcdonald'),
(98, 336, 'VA', 'VAT', 'Vatican City State', 'Saint-Siège (état de la Cité du Vatican)'),
(99, 340, 'HN', 'HND', 'Honduras', 'Honduras'),
(100, 344, 'HK', 'HKG', 'Hong Kong', 'Hong-Kong'),
(101, 348, 'HU', 'HUN', 'Hungary', 'Hongrie'),
(102, 352, 'IS', 'ISL', 'Iceland', 'Islande'),
(103, 356, 'IN', 'IND', 'India', 'Inde'),
(104, 360, 'ID', 'IDN', 'Indonesia', 'Indonésie'),
(105, 364, 'IR', 'IRN', 'Islamic Republic of Iran', 'République Islamique d\'Iran'),
(106, 368, 'IQ', 'IRQ', 'Iraq', 'Iraq'),
(107, 372, 'IE', 'IRL', 'Ireland', 'Irlande'),
(108, 376, 'IL', 'ISR', 'Israel', 'Israël'),
(109, 380, 'IT', 'ITA', 'Italy', 'Italie'),
(110, 384, 'CI', 'CIV', 'Côte d\'Ivoire', 'Côte d\'Ivoire'),
(111, 388, 'JM', 'JAM', 'Jamaica', 'Jamaïque'),
(112, 392, 'JP', 'JPN', 'Japan', 'Japon'),
(113, 398, 'KZ', 'KAZ', 'Kazakhstan', 'Kazakhstan'),
(114, 400, 'JO', 'JOR', 'Jordan', 'Jordanie'),
(115, 404, 'KE', 'KEN', 'Kenya', 'Kenya'),
(116, 408, 'KP', 'PRK', 'Democratic People\'s Republic of Korea', 'République Populaire Démocratique de Corée'),
(117, 410, 'KR', 'KOR', 'Republic of Korea', 'République de Corée'),
(118, 414, 'KW', 'KWT', 'Kuwait', 'Koweït'),
(119, 417, 'KG', 'KGZ', 'Kyrgyzstan', 'Kirghizistan'),
(120, 418, 'LA', 'LAO', 'Lao People\'s Democratic Republic', 'République Démocratique Populaire Lao'),
(121, 422, 'LB', 'LBN', 'Lebanon', 'Liban'),
(122, 426, 'LS', 'LSO', 'Lesotho', 'Lesotho'),
(123, 428, 'LV', 'LVA', 'Latvia', 'Lettonie'),
(124, 430, 'LR', 'LBR', 'Liberia', 'Libéria'),
(125, 434, 'LY', 'LBY', 'Libyan Arab Jamahiriya', 'Jamahiriya Arabe Libyenne'),
(126, 438, 'LI', 'LIE', 'Liechtenstein', 'Liechtenstein'),
(127, 440, 'LT', 'LTU', 'Lithuania', 'Lituanie'),
(128, 442, 'LU', 'LUX', 'Luxembourg', 'Luxembourg'),
(129, 446, 'MO', 'MAC', 'Macao', 'Macao'),
(130, 450, 'MG', 'MDG', 'Madagascar', 'Madagascar'),
(131, 454, 'MW', 'MWI', 'Malawi', 'Malawi'),
(132, 458, 'MY', 'MYS', 'Malaysia', 'Malaisie'),
(133, 462, 'MV', 'MDV', 'Maldives', 'Maldives'),
(134, 466, 'ML', 'MLI', 'Mali', 'Mali'),
(135, 470, 'MT', 'MLT', 'Malta', 'Malte'),
(136, 474, 'MQ', 'MTQ', 'Martinique', 'Martinique'),
(137, 478, 'MR', 'MRT', 'Mauritania', 'Mauritanie'),
(138, 480, 'MU', 'MUS', 'Mauritius', 'Maurice'),
(139, 484, 'MX', 'MEX', 'Mexico', 'Mexique'),
(140, 492, 'MC', 'MCO', 'Monaco', 'Monaco'),
(141, 496, 'MN', 'MNG', 'Mongolia', 'Mongolie'),
(142, 498, 'MD', 'MDA', 'Republic of Moldova', 'République de Moldova'),
(143, 500, 'MS', 'MSR', 'Montserrat', 'Montserrat'),
(144, 504, 'MA', 'MAR', 'Morocco', 'Maroc'),
(145, 508, 'MZ', 'MOZ', 'Mozambique', 'Mozambique'),
(146, 512, 'OM', 'OMN', 'Oman', 'Oman'),
(147, 516, 'NA', 'NAM', 'Namibia', 'Namibie'),
(148, 520, 'NR', 'NRU', 'Nauru', 'Nauru'),
(149, 524, 'NP', 'NPL', 'Nepal', 'Népal'),
(150, 528, 'NL', 'NLD', 'Netherlands', 'Pays-Bas'),
(151, 530, 'AN', 'ANT', 'Netherlands Antilles', 'Antilles Néerlandaises'),
(152, 533, 'AW', 'ABW', 'Aruba', 'Aruba'),
(153, 540, 'NC', 'NCL', 'New Caledonia', 'Nouvelle-Calédonie'),
(154, 548, 'VU', 'VUT', 'Vanuatu', 'Vanuatu'),
(155, 554, 'NZ', 'NZL', 'New Zealand', 'Nouvelle-Zélande'),
(156, 558, 'NI', 'NIC', 'Nicaragua', 'Nicaragua'),
(157, 562, 'NE', 'NER', 'Niger', 'Niger'),
(158, 566, 'NG', 'NGA', 'Nigeria', 'Nigéria'),
(159, 570, 'NU', 'NIU', 'Niue', 'Niué'),
(160, 574, 'NF', 'NFK', 'Norfolk Island', 'Île Norfolk'),
(161, 578, 'NO', 'NOR', 'Norway', 'Norvège'),
(162, 580, 'MP', 'MNP', 'Northern Mariana Islands', 'Îles Mariannes du Nord'),
(163, 581, 'UM', 'UMI', 'United States Minor Outlying Islands', 'Îles Mineures Éloignées des États-Unis'),
(164, 583, 'FM', 'FSM', 'Federated States of Micronesia', 'États Fédérés de Micronésie'),
(165, 584, 'MH', 'MHL', 'Marshall Islands', 'Îles Marshall'),
(166, 585, 'PW', 'PLW', 'Palau', 'Palaos'),
(167, 586, 'PK', 'PAK', 'Pakistan', 'Pakistan'),
(168, 591, 'PA', 'PAN', 'Panama', 'Panama'),
(169, 598, 'PG', 'PNG', 'Papua New Guinea', 'Papouasie-Nouvelle-Guinée'),
(170, 600, 'PY', 'PRY', 'Paraguay', 'Paraguay'),
(171, 604, 'PE', 'PER', 'Peru', 'Pérou'),
(172, 608, 'PH', 'PHL', 'Philippines', 'Philippines'),
(173, 612, 'PN', 'PCN', 'Pitcairn', 'Pitcairn'),
(174, 616, 'PL', 'POL', 'Poland', 'Pologne'),
(175, 620, 'PT', 'PRT', 'Portugal', 'Portugal'),
(176, 624, 'GW', 'GNB', 'Guinea-Bissau', 'Guinée-Bissau'),
(177, 626, 'TL', 'TLS', 'Timor-Leste', 'Timor-Leste'),
(178, 630, 'PR', 'PRI', 'Puerto Rico', 'Porto Rico'),
(179, 634, 'QA', 'QAT', 'Qatar', 'Qatar'),
(180, 638, 'RE', 'REU', 'Réunion', 'Réunion'),
(181, 642, 'RO', 'ROU', 'Romania', 'Roumanie'),
(182, 643, 'RU', 'RUS', 'Russian Federation', 'Fédération de Russie'),
(183, 646, 'RW', 'RWA', 'Rwanda', 'Rwanda'),
(184, 654, 'SH', 'SHN', 'Saint Helena', 'Sainte-Hélène'),
(185, 659, 'KN', 'KNA', 'Saint Kitts and Nevis', 'Saint-Kitts-et-Nevis'),
(186, 660, 'AI', 'AIA', 'Anguilla', 'Anguilla'),
(187, 662, 'LC', 'LCA', 'Saint Lucia', 'Sainte-Lucie'),
(188, 666, 'PM', 'SPM', 'Saint-Pierre and Miquelon', 'Saint-Pierre-et-Miquelon'),
(189, 670, 'VC', 'VCT', 'Saint Vincent and the Grenadines', 'Saint-Vincent-et-les Grenadines'),
(190, 674, 'SM', 'SMR', 'San Marino', 'Saint-Marin'),
(191, 678, 'ST', 'STP', 'Sao Tome and Principe', 'Sao Tomé-et-Principe'),
(192, 682, 'SA', 'SAU', 'Saudi Arabia', 'Arabie Saoudite'),
(193, 686, 'SN', 'SEN', 'Senegal', 'Sénégal'),
(194, 690, 'SC', 'SYC', 'Seychelles', 'Seychelles'),
(195, 694, 'SL', 'SLE', 'Sierra Leone', 'Sierra Leone'),
(196, 702, 'SG', 'SGP', 'Singapore', 'Singapour'),
(197, 703, 'SK', 'SVK', 'Slovakia', 'Slovaquie'),
(198, 704, 'VN', 'VNM', 'Vietnam', 'Viet Nam'),
(199, 705, 'SI', 'SVN', 'Slovenia', 'Slovénie'),
(200, 706, 'SO', 'SOM', 'Somalia', 'Somalie'),
(201, 710, 'ZA', 'ZAF', 'South Africa', 'Afrique du Sud'),
(202, 716, 'ZW', 'ZWE', 'Zimbabwe', 'Zimbabwe'),
(203, 724, 'ES', 'ESP', 'Spain', 'Espagne'),
(204, 732, 'EH', 'ESH', 'Western Sahara', 'Sahara Occidental'),
(205, 736, 'SD', 'SDN', 'Sudan', 'Soudan'),
(206, 740, 'SR', 'SUR', 'Suriname', 'Suriname'),
(207, 744, 'SJ', 'SJM', 'Svalbard and Jan Mayen', 'Svalbard etÎle Jan Mayen'),
(208, 748, 'SZ', 'SWZ', 'Swaziland', 'Swaziland'),
(209, 752, 'SE', 'SWE', 'Sweden', 'Suède'),
(210, 756, 'CH', 'CHE', 'Switzerland', 'Suisse'),
(211, 760, 'SY', 'SYR', 'Syrian Arab Republic', 'République Arabe Syrienne'),
(212, 762, 'TJ', 'TJK', 'Tajikistan', 'Tadjikistan'),
(213, 764, 'TH', 'THA', 'Thailand', 'Thaïlande'),
(214, 768, 'TG', 'TGO', 'Togo', 'Togo'),
(215, 772, 'TK', 'TKL', 'Tokelau', 'Tokelau'),
(216, 776, 'TO', 'TON', 'Tonga', 'Tonga'),
(217, 780, 'TT', 'TTO', 'Trinidad and Tobago', 'Trinité-et-Tobago'),
(218, 784, 'AE', 'ARE', 'United Arab Emirates', 'Émirats Arabes Unis'),
(219, 788, 'TN', 'TUN', 'Tunisia', 'Tunisie'),
(220, 792, 'TR', 'TUR', 'Turkey', 'Turquie'),
(221, 795, 'TM', 'TKM', 'Turkmenistan', 'Turkménistan'),
(222, 796, 'TC', 'TCA', 'Turks and Caicos Islands', 'Îles Turks et Caïques'),
(223, 798, 'TV', 'TUV', 'Tuvalu', 'Tuvalu'),
(224, 800, 'UG', 'UGA', 'Uganda', 'Ouganda'),
(225, 804, 'UA', 'UKR', 'Ukraine', 'Ukraine'),
(226, 807, 'MK', 'MKD', 'The Former Yugoslav Republic of Macedonia', 'L\'ex-République Yougoslave de Macédoine'),
(227, 818, 'EG', 'EGY', 'Egypt', 'Égypte'),
(228, 826, 'GB', 'GBR', 'United Kingdom', 'Royaume-Uni'),
(229, 833, 'IM', 'IMN', 'Isle of Man', 'Île de Man'),
(230, 834, 'TZ', 'TZA', 'United Republic Of Tanzania', 'République-Unie de Tanzanie'),
(231, 840, 'US', 'USA', 'United States', 'États-Unis'),
(232, 850, 'VI', 'VIR', 'U.S. Virgin Islands', 'Îles Vierges des États-Unis'),
(233, 854, 'BF', 'BFA', 'Burkina Faso', 'Burkina Faso'),
(234, 858, 'UY', 'URY', 'Uruguay', 'Uruguay'),
(235, 860, 'UZ', 'UZB', 'Uzbekistan', 'Ouzbékistan'),
(236, 862, 'VE', 'VEN', 'Venezuela', 'Venezuela'),
(237, 876, 'WF', 'WLF', 'Wallis and Futuna', 'Wallis et Futuna'),
(238, 882, 'WS', 'WSM', 'Samoa', 'Samoa'),
(239, 887, 'YE', 'YEM', 'Yemen', 'Yémen'),
(240, 891, 'CS', 'SCG', 'Serbia and Montenegro', 'Serbie-et-Monténégro'),
(241, 894, 'ZM', 'ZMB', 'Zambia', 'Zambie');

-- --------------------------------------------------------

--
-- Table structure for table `photo_velo`
--
-- Creation: Jun 06, 2018 at 08:58 AM
-- Last update: Jun 06, 2018 at 08:58 AM
--

DROP TABLE IF EXISTS `photo_velo`;
CREATE TABLE `photo_velo` (
  `id` int(11) NOT NULL,
  `velo_id` int(11) NOT NULL,
  `image` varchar(255) COLLATE utf8_unicode_ci NOT NULL
) ENGINE=InnoDB DEFAULT CHARSET=utf8 COLLATE=utf8_unicode_ci;

--
-- Dumping data for table `photo_velo`
--

INSERT INTO `photo_velo` (`id`, `velo_id`, `image`) VALUES
(30, 61, '866IMG_20180520_171256.jpg'),
(31, 58, '821IMG_20171115_162343.jpg'),
(32, 26, '80bikerr vtc.jpg'),
(33, 53, '768velo-randonnee-vsf-fahrradmanufaktur-tx-800.jpg'),
(34, 52, '753Vélo.JPG'),
(35, 50, '731VELO11.jpg'),
(36, 51, '673Bleu.jpg'),
(37, 48, '623IMG_3251.JPG'),
(38, 45, '5IMG_4337.JPG'),
(39, 8, '5IMG_2580.JPG'),
(40, 47, '582IMG_20170811_124945.jpg'),
(41, 43, '578IMG_0604[1].JPG'),
(42, 42, '568standard_straight_front.jpg'),
(43, 41, '567IMG_0633.JPG'),
(44, 34, '5266.jpg'),
(45, 30, '339Snapchat-2117266445.jpg'),
(46, 29, '330384745.jpg'),
(47, 28, '323unnamed.jpg'),
(48, 27, '294IMAG1181.jpg'),
(49, 25, '259New-model-one-year-warranty-small-wheel (1).jpg'),
(50, 20, '235IMG_20170430_212204.png'),
(51, 17, '230photo.JPG'),
(52, 16, '225IMG_0720.jpg'),
(53, 6, '2220160630_092653.jpg'),
(54, 7, '2220160520_094022.jpg'),
(55, 14, '207IMG_20170417_192514_1.jpg'),
(56, 5, '18IMG_0784.JPG'),
(57, 4, '16IMG_1917.JPG'),
(58, 15, '167IMG_4667 (1).JPG'),
(59, 31, '15120170525_133622[1].jpg'),
(60, 24, '102IMG_3122.JPG'),
(61, 61, '866IMG_20180520_171236.jpg'),
(62, 58, '821IMG_20180120_184947.jpg'),
(63, 50, '731VELO ENFANT.jpg'),
(64, 48, '623IMG_3251.JPG'),
(65, 8, '5IMG_2583.JPG'),
(66, 47, '582IMG_20170811_124954.jpg'),
(67, 43, '578IMG_0603[1].JPG'),
(68, 41, '567IMG_0632.PNG'),
(69, 29, '330384746.jpg'),
(70, 27, '294IMAG1183.jpg'),
(71, 25, '259LEHE-K1-CE-RoHS-Wholesale-Most-Eco (5).jpg'),
(72, 14, '207IMG_20170417_174959.jpg'),
(73, 4, '16IMG_1918.JPG'),
(74, 31, '15120170525_133636[1].jpg'),
(75, 50, '731ROUTE_VELO23.jpg'),
(76, 48, '623IMG_1193.PNG'),
(77, 8, '5IMG_2584.JPG'),
(78, 43, '578IMG_0612[1].JPG'),
(79, 27, '294IMAG1182.jpg'),
(80, 25, '259_DSC3164 copie.jpg');

-- --------------------------------------------------------

--
-- Table structure for table `reservation`
--
-- Creation: Jun 06, 2018 at 08:58 AM
--

DROP TABLE IF EXISTS `reservation`;
CREATE TABLE `reservation` (
  `id` int(11) NOT NULL,
  `velo_id` int(11) NOT NULL,
  `locataire_id` int(11) NOT NULL,
  `debut` date NOT NULL,
  `fin` date NOT NULL,
  `cout_pts` int(11) NOT NULL,
  `caution` int(11) NOT NULL,
  `assurance` tinyint(1) NOT NULL
) ENGINE=InnoDB DEFAULT CHARSET=utf8 COLLATE=utf8_unicode_ci;

-- --------------------------------------------------------

--
-- Table structure for table `type_velo`
--
-- Creation: Jun 06, 2018 at 08:58 AM
-- Last update: Jun 06, 2018 at 08:58 AM
--

DROP TABLE IF EXISTS `type_velo`;
CREATE TABLE `type_velo` (
  `id` int(11) NOT NULL,
  `type` varchar(255) COLLATE utf8_unicode_ci NOT NULL,
  `prix_moyen` int(11) NOT NULL,
  `coeff` double NOT NULL
) ENGINE=InnoDB DEFAULT CHARSET=utf8 COLLATE=utf8_unicode_ci;

--
-- Dumping data for table `type_velo`
--

INSERT INTO `type_velo` (`id`, `type`, `prix_moyen`, `coeff`) VALUES
(1, 'draisienne', 100, 0.35),
(2, 'tricycle', 100, 0.35),
(3, 'trotinette', 100, 0.35),
(4, 'hoverboard', 200, 0.35),
(5, 'enfant', 200, 0.35),
(6, 'remorque', 200, 0.35),
(7, 'bmx', 300, 0.35),
(8, 'fixie', 300, 0.35),
(9, 'singlespeed', 300, 0.35),
(10, 'trotinette électrique', 300, 0.35),
(11, 'vélo de ville', 300, 0.35),
(12, 'cruiser', 300, 0.35),
(13, 'lowrider', 300, 0.35),
(14, 'tall bike', 300, 0.35),
(15, 'vtc', 400, 0.35),
(16, 'vtt', 400, 0.35),
(17, 'hollandais', 400, 0.35),
(18, 'pliant', 400, 0.35),
(19, 'grand-bi', 500, 0.35),
(20, 'roue électrique', 500, 0.35),
(21, 'fatbike', 600, 0.35),
(22, 'rosalie', 700, 0.35),
(23, 'vélo de course', 1000, 0.35),
(24, 'gravel', 1000, 0.35),
(25, 'vélo de piste', 1000, 0.35),
(26, 'vélo de route', 1000, 0.35),
(27, 'vtt suspendu', 1000, 0.35),
(28, 'tandem', 1200, 0.35),
(29, 'biporteur', 1500, 0.35),
(30, 'cargo', 1500, 0.35),
(31, 'rickshaw', 1600, 0.35),
(32, 'à position couchée', 2000, 0.35),
(33, 'à assistance électrique', 2000, 0.35),
(34, 'gyropode (type segway)', 2000, 0.35),
(35, 'triporteur', 2500, 0.35),
(36, 'triplette', 2500, 0.35),
(37, 'trike', 2500, 0.35),
(38, 'à voile', 3000, 0.35);

-- --------------------------------------------------------

--
-- Table structure for table `velo`
--
-- Creation: Jun 06, 2018 at 08:58 AM
-- Last update: Jun 06, 2018 at 12:57 PM
--

DROP TABLE IF EXISTS `velo`;
CREATE TABLE `velo` (
  `id` int(11) NOT NULL,
  `proprio_id` int(11) NOT NULL,
  `marque` varchar(50) COLLATE utf8_unicode_ci DEFAULT NULL,
  `modele` varchar(50) COLLATE utf8_unicode_ci DEFAULT NULL,
  `type_velo_id` int(11) DEFAULT NULL,
  `couleur_id` int(11) DEFAULT NULL,
  `titre` varchar(35) COLLATE utf8_unicode_ci DEFAULT NULL,
  `description` longtext COLLATE utf8_unicode_ci,
  `etat_velo_id` int(11) DEFAULT NULL,
  `neuf` tinyint(1) NOT NULL,
  `num_facture` varchar(255) COLLATE utf8_unicode_ci DEFAULT NULL,
  `magasin` varchar(255) COLLATE utf8_unicode_ci DEFAULT NULL,
  `date_achat` date DEFAULT NULL,
  `antivol_key` int(11) NOT NULL,
  `antivol_code` int(11) NOT NULL,
  `bicycode` bigint(20) DEFAULT NULL,
  `adresse_velo` varchar(255) COLLATE utf8_unicode_ci DEFAULT NULL,
  `caution` int(11) DEFAULT NULL,
  `assur_oblig` tinyint(1) NOT NULL,
  `cout_pts` int(11) NOT NULL,
  `dispo_totale` tinyint(1) NOT NULL
) ENGINE=InnoDB DEFAULT CHARSET=utf8 COLLATE=utf8_unicode_ci;

--
-- Dumping data for table `velo`
--

INSERT INTO `velo` (`id`, `proprio_id`, `marque`, `modele`, `type_velo_id`, `couleur_id`, `titre`, `description`, `etat_velo_id`, `neuf`, `num_facture`, `magasin`, `date_achat`, `antivol_key`, `antivol_code`, `bicycode`, `adresse_velo`, `caution`, `assur_oblig`, `cout_pts`, `dispo_totale`) VALUES
(4, 16, 'Vitus', 'VTT', 16, 11, 'VTT qui a deux Roc d \'azur ', 'VTT avec disques de freins et commandes par câbles. Vitesses Shimano ,roues renforcées, avec bandes en Kévlar. VTT très fiable à 18 vitesses. Freins a disques avant et arrière. Pneus crampons avec bande de renforcement en Kévlar. Prêt pour faire de la ballade en forêt ou des rassemblements sportifs, tel que le Roc d\'azur.', 3, 0, NULL, 'BOUTICYCLE Draguigan', '2006-01-01', 1, 0, NULL, NULL, NULL, 0, 0, 0),
(5, 18, 'B\'Twin', 'Triban 3', 23, 3, 'Vélo de course petite taille', 'Vélo de course B\'Twin Triban 3. \nRoues: 650 - Vitesses:3*8- Cadre: 51\nIdéal pour faire de la route, du triathlon ou se balader en ville Vélo de course B\'Twin Triban 3. \nRoues: 650 - Vitesses:3*8- Cadre: 51\nIdéal pour faire de la route, du triathlon ou se balader en ville', 3, 0, NULL, NULL, NULL, 0, 1, NULL, NULL, NULL, 0, 0, 0),
(6, 22, 'Leisger', 'Md5c', 33, 10, 'Vtt electrique 2016', 'Nouvelle modele de chez leisger le md5c autonomie 60 kms Vtt de juin 2016 etat neuf', 2, 1, '10279', 'Pardonnet performance', '2016-06-22', 1, 0, NULL, NULL, NULL, 0, 0, 0),
(7, 22, 'Aucune', NULL, 16, 11, 'Vtt 26 pouces homme', 'Vtt avec pneus et freins neuf  Peinture use mais pneus et freins neuf  parfait pour profiter ', 4, 0, NULL, NULL, NULL, 1, 0, NULL, NULL, NULL, 0, 0, 0),
(8, 5, 'Jacques Anquetil', NULL, 23, 2, 'Le \"Vélo\" pour découvrir la ville', 'Super vélo de course vintage en parfait état. Révision faite il y a deux mois et dynamo en état de marche. Le vélo a été révisé il y a deux mois. Frein, pédalier et dérailleur sont en parfait état. Et avec la dynamo vous pourrez affronter les rues de Strasbourg la nuit.', 3, 0, NULL, NULL, NULL, 0, 1, NULL, NULL, NULL, 0, 0, 0),
(14, 207, 'Neomouv', NULL, 33, 3, 'Ebike aix', 'Nice bike for provence\n Batterie\n5 vitesses\nSacoche possible\nPhares', 3, 0, NULL, 'Erard', '2016-01-01', 1, 1, NULL, NULL, NULL, 0, 0, 0),
(15, 167, 'canondale', 'canondale', 23, 3, 'vélo course modifié en cintre droit', 'Le vélo est un ancien course modifié avec un cintre droit et des pneus marathon (quasi increvable), idéal pour la ville et la vitesse. La marque du vélo est canondale, il est de couleur jaune et rouge et dispose de bloque pieds en plastique noir au niveau des pédales.', 3, 0, NULL, NULL, NULL, 1, 0, NULL, NULL, NULL, 0, 0, 0),
(16, 225, 'Rockrider', '6.0 FS', 27, 9, 'Un VTT Rockrider 6.0 FS à Meudon', 'VTT tout suspendu de la marque Rockrider.\nTrès bien entretenu.\nIdéal pour des balades dans la forêt et/ou montagne. - Antivol Haute Sécurité\n- 3 Plateaux | 7 Vitesses\n- Freins à patins\n- Selle Antivol', 2, 0, NULL, NULL, NULL, 1, 0, NULL, NULL, NULL, 0, 0, 0),
(17, 230, 'Manufrance', 'Hirondelle', 8, 6, 'Pignon Fixe Made In France', 'Pignon fixe sans prétention, monté sur un cadre Manufrance Hirondelle, soit 46x15 soit 46x16. Moins de 10kg malgré la ferraille ! Monté en 46x15, mais peut être mis en 46x16 si besoin (ou au contraire en 48x15 !)\nGuidon route, frein avant.', 4, 0, NULL, NULL, NULL, 1, 0, NULL, NULL, NULL, 0, 0, 0),
(18, 232, 'Cannondale', 'VTT', 16, 11, 'Vélo Dispo !', 'Location de vélo pour la ville la balade la montagne. Un VTT, pour la ville ou la montagne', 2, 0, NULL, NULL, NULL, 1, 0, NULL, NULL, NULL, 0, 0, 0),
(19, 89, 'Leader', 'hero', 8, 6, 'Le velo des vrai héroes !', 'Velo fixie d\'un bleu magnifique très simple d\'utilisation, prêt à être utilisé, porte cadenas accroché au vélo (cadenas inclus + clef) Velo fixie d\'un bleu magnifique\nporte cadenas accroché au vélo (cadenas inclus + clef)\nRoue fine pour une vitesse optimale\nSans vitesse\nfrein classique\nhauteur de selle 53cm\nSelle ajustable.', 3, 0, NULL, NULL, NULL, 1, 0, NULL, NULL, NULL, 0, 0, 0),
(20, 235, 'Trek', 'Superflu 9.6', 16, 9, 'VTT carbone trek 29 pouces', 'VTT trek cadre carbone fourche avant suspendue roues 29 pouces  équipé en shimano xt.  Possibilité de le ramener sur Strasbourg VTT neuf équipé Shimano xt', 2, 0, '1019', 'Cycles feldis', '2015-12-01', 0, 1, NULL, NULL, NULL, 0, 0, 0),
(24, 102, 'Nihola', 'Triporteur événementiel', 35, 9, 'Triporteur événementiel nihola', 'Triporteur prévu pour la communication et offrant une grande visibilité. Il est possible de fixer un parasol dessus ou de le floquer.  Velo état neuf. \nTriporteur à roue directionnelle ( le plus maniable dès triporteurs)\nPossibilité de mettre un parasol. La caisse s\'ouvre devant et permet un chargement jusqu\'à 100kg. \nVous pouvez le floquer au nom de votre société.', 2, 1, NULL, NULL, NULL, 2, 0, NULL, NULL, NULL, 0, 0, 0),
(25, 259, 'LEHE', 'K1', 33, 9, 'VELO ELECTRIQUE SANS PEDALES', 'LEHE est LA nouvelle tendance pour circuler dans les villes !\nEnceinte bluetooth, freins à disques...\nRapide, léger, pliable, moderne ! Enceinte bluetooth, clé keyless, ne nécessite ni de casque, ni de permis, freins à disques (avant & arrière), klaxonne, phare avant, 3 vitesses de démarrage (lent, moyen, rapide)', 3, 0, NULL, NULL, NULL, 1, 0, NULL, NULL, NULL, 0, 0, 0),
(26, 80, 'VBT', 'custom bike', 2, 3, 'VTC (ville, rando,ballade)', 'très bon vélo  porte bagage excellent frein, pas d\'éclairage fixe', 2, 0, NULL, NULL, NULL, 1, 0, NULL, NULL, NULL, 0, 0, 0),
(27, 294, 'B-TWIN', 'MTB', 16, 2, 'Vélo flashy :)', 'Bon état général, lumière avant, arrière et sur les rayons de roue.\nAvec klaxon et indicateur de vitesse.\nAu plaisir. Bonjour je loue mon vélo assez flashy. Possède toutes les lumières pour être vu la nuit, un klaxon et un indicateur de vitesse. Pas de déchirure ou quoi que ce soit sur les pneus. N\'hésitez si vois avez des questions.\nAu plaisir.', 3, 0, NULL, 'DECATHLON BESANCON', NULL, 1, 0, NULL, NULL, NULL, 0, 0, 0),
(28, 323, 'Decathlon', NULL, 23, 6, 'Les demi-course, c\'est la vie !!', 'Vélo demi-course décathlon, années 1980.\nPlutôt petit (SI tu fais plus d\'1m70 oublie)\nÉclairage dynamo, et poignées de frein double PHOTO : Pas plus récent, c\'était avant que je le récupère. Depuis il y a une selle et des pneux gonflés.\nVélo demi-course décathlon, années 1980.\nPlutôt petit (SI tu fais plus d\'1m70 oublie)\nÉclairage dynamo, et poignées de frein double\nGarde boue', 4, 0, NULL, NULL, NULL, 1, 0, NULL, NULL, NULL, 0, 0, 0),
(29, 330, 'Cycles olympique', 'Nomade', 28, 6, 'Tandem route et chemin', 'Tandem récent, idéal pour la randonnée sur route et chemins carrossables. Vélo léger (19 kg) et entretenu régulièrement. Pour pilote à partir de 1,70 m (jusqu\'à 1,95 m) et passager à partir de 1,60 m (jusqu\'à 1,90 m).\n\nTransmission Shimano Deore (3 plateaux 30-40-50, 8 vitesses 12-34 dents).\n\nPorte bidon , antivol, lumières et porte bagage arrière.', 3, 0, NULL, NULL, NULL, 1, 0, NULL, NULL, NULL, 0, 0, 0),
(30, 339, 'Décathlon ', NULL, 16, 11, 'VTT 26\"', 'VTT 26\" \nTrès bon état,  loué  avec le porte bidon et un rembourrage de scelle si besoin VTT 26\" \nTrès bon état,  loué  avec le porte bidon et un rembourrage de scelle si besoin', 3, 0, '123', 'Decathlon', '2016-06-03', 1, 0, NULL, NULL, NULL, 0, 0, 0),
(31, 151, 'Topbike', 'Hobby100 tsx', 16, 11, 'Pour la ville et les sentiers !', 'Ce vélo vous permettra à la fois de découvrir la ville de Strasbourg, mais également de vous aventurer sur la piste des forts ! Doté d\'un guidon parfait pour franchir les pentes et de suspensions  parfaite, ce vélo sera un atout pour profiter des grands espaces entourant Strasbourg mais également du centre ville. La selle offre une grande marge de réglage pour convenir à tous', 3, 0, NULL, NULL, NULL, 0, 1, NULL, NULL, NULL, 0, 0, 0),
(33, 476, 'Rockrider', '5.2', 16, 6, 'VTT Rockrider 2008', 'Suspension avant.\nVélo jaune et bleu. Vélo qui a quelques années mais bien entretenu et fonctionnel.', 3, 0, NULL, NULL, NULL, 1, 0, 166400300002, NULL, NULL, 0, 0, 0),
(34, 526, 'genesis', 'croix de fer 10', 15, 8, 'Titre test', 'lorem ipsum tzetze', 2, 1, NULL, NULL, NULL, 1, 1, NULL, NULL, NULL, 0, 0, 0),
(35, 527, 'Btwin', 'Rockrider 5.1', 16, 9, 'VTT loisir taille XL', 'Vélo Rockrider 5.1 noir et blanc, cadre XL en bon état général, possibilité de fournir le siège enfant, cadre marqué antivol. Vélo Rockrider 5.1 noir et blanc, cadre XL en bon état général, fixation pour siège enfant sur le cadre (possibilité de fournir le siège enfant), cadre marqué antivol.', 3, 0, NULL, NULL, NULL, 1, 0, 112600100042, NULL, NULL, 0, 0, 0),
(36, 527, 'topbike', NULL, 15, 5, 'VTC pour petits déplacements', 'VTC un peu usé mais qui fait l\'affaire pour des déplacements sans trop de dénivelées (le freinage est relatif). Selle très confortable. VTC un peu usé mais qui fait l\'affaire pour des déplacements sans trop de dénivelées (le freinage est relatif). Selle très confortable.', 4, 0, NULL, NULL, NULL, 1, 0, NULL, NULL, NULL, 0, 0, 0),
(37, 529, 'peugeot', NULL, 23, 7, 'Vélo vintage', 'Vélo peugeot vert, il roule très bien. Pour avoir une idée de la taille je fais 1m86 et je le trouve à ma taille voire un peu petit. Vélo peugeot vert, il roule très bien. Pour avoir une idée de la taille je fais 1m86 et je le trouve à ma taille voire un peu petit.', 3, 0, NULL, NULL, NULL, 1, 0, NULL, NULL, NULL, 0, 0, 0),
(38, 558, 'Complite', 'Limited', 16, 9, 'Un super Complite Limited 2012', 'Super vélo de taille L.\nLéger, maniable et robuste. Cadre: Aluminium 6061 triple butted\nFourche : RockShox XC32 air 100 mm blocage au guidon\nCommandes : Sram X5\nDéraileur : Av. Sram X5 Ar. Sram X7\nCassette : Sram PG1030 - 11/36 10 vitesses\nFreins à disque : Avid Elixir 1 - 160/160 mm', 3, 0, NULL, NULL, NULL, 1, 0, NULL, NULL, NULL, 0, 0, 0),
(39, 559, 'BTwin', 'Citytrail', 15, 11, 'VTC  - BTwin CityTrail - 18vitesses', 'VTC  - BTwin CityTrail\n> 18 vitesses\n> VTC  - Btwin City Trail - 18 vitesses', 3, 0, NULL, NULL, NULL, 2, 0, NULL, NULL, NULL, 0, 0, 0),
(41, 567, 'Trek', 'Dublin One ', 11, 11, 'Le vélo urbain !', 'Disposant de nombreux équipements tels qu\'un porte bagage avant, un antivol intégré sur le cadre ou encore des gardes-boue très ingenieux  Les vélos de la série Dublin sont sportifs, légers et solides, mais le point le plus important est qu\'ils vous mèneront à votre destination en style.', 2, 0, '160124T009224150', 'Alltricks', '2016-01-24', 2, 0, NULL, NULL, NULL, 0, 0, 0),
(42, 568, 'Vanmoof', '8 speed', 11, 10, 'Le vélo idéal  pour visiter Nantes', 'Je loue mon Vanmoof à la journée, il est top!\n- 8 Vitesses intégrées\n- Antivol de roue arrière intégré\n- Antivol chaine intégrée au cadre\n- Je loue mon Vanmoof à la journée, il est top!\n- 8 Vitesses intégrées\n- Antivol de roue arrière intégré\n- Antivol chaine intégrée au cadre\n- Phares intégrés très puissants\n- Sacoches et porte bagages\n- Position super confortable\n- Pneus anticrevaisons', 2, 1, '10008034', 'Vanmoof', '2016-12-10', 2, 0, NULL, NULL, NULL, 0, 0, 0),
(43, 578, 'LYJACK', NULL, 8, 10, 'Single speed - Cadre Lyjack ', 'Single speed - Cadre Lyjack - selle brooks Le guidon est comme sur la dernière photos; poignées de freins en corne et guidoline blance', 3, 0, NULL, NULL, NULL, 1, 0, NULL, NULL, NULL, 0, 0, 0),
(44, 587, 'Brompton', 'M6R', 18, 1, 'Pliant Brompton', 'Vélo qui sert peu ( vélo+ train/bus) 6 vitesses\nFreins et pneus biens entretenus\nGrand panier avant + porte-bagages \nAntivol U', 3, 0, NULL, NULL, NULL, 1, 0, NULL, NULL, NULL, 0, 0, 0),
(45, 5, 'B\'Twin', 'Racing Boy 500', 16, 9, 'VTT enfant 20 pouces', 'Adapté aux sorties sportives pour les enfants de 6 à 8 ans (de 120 à 135 cm). 6 vitesses avec attache rapide de selle. Le vélo est neuf et mon fils l\'utilise peu. Alors autant qu\'il rende service pour ceux qui voudraient partir en balade le mercredi ou le weekend.', 2, 1, NULL, NULL, NULL, 0, 1, NULL, NULL, NULL, 0, 0, 0),
(47, 582, 'sans marque', NULL, 11, 11, 'Vélo Homme léger', 'Vélo homme : 1 vitesse adaptée à Paris et région parisienne / avec garde boue et antivol / léger. bon état : frein OK, pneus avec très bonne adhérence.', 3, 0, NULL, 'particulier', '2015-01-01', 1, 0, NULL, NULL, NULL, 0, 0, 0),
(48, 623, 'BBF', 'Line', 17, 3, 'Vélo de ville fushia tout équipé', 'Joli vélo rose, rétropédalage, 2 freins main3 vitesses, large selle, phare avant et arrière, porte bagage, panier, béquille, pneus larges. Joli vélo rose, 3 vitesse, large selle, phare avant et arrière, porte Babbage, panier, béquille, pneus larges.  A venir chercher près de l\'arrêt de tram observatoire.', 2, 1, '44', 'Tendance cycle', '2016-04-28', 1, 0, NULL, NULL, NULL, 0, 0, 0),
(49, 628, 'Decathlon', 'Fold ', 18, 6, 'Vélo pliant 2017 - Btwin', 'Acheté neuf en magasin en 2017\nTrès maniable\nFourni avec les lumières avant et arrières\nPossibilité de prêt de casque Excellent état', 2, 0, NULL, 'Décathlon', NULL, 1, 0, NULL, NULL, NULL, 0, 0, 0),
(50, 731, 'Gitane', 'E-City', 33, 11, 'Beau vélo, belles sacoches', 'Louez un vélo électrique pour une belle découverte de Paris en toute liberté en famille avec une remorque enfant bi-place et vélo enfant. Les vélos sont très biens entretenus par un amis réparateur de vélos spécialisés Bosch.\nIls ont roulé cet été et ont été très confortables pour les découvertes estivales. ', 2, 1, 'FA00004739', 'BOURBON CYCLES', '2017-06-16', 2, 0, NULL, NULL, NULL, 0, 0, 0),
(51, 673, 'motobecane', 'Mini pliant', 18, 6, 'Mini vélo vintage', 'Mini vélo vintage pliant et réglable (selle et hauteur de guidon) adapté aux grands (je fais 1m90) comme aux petits. Caisse de transport en bois à l\'arrière , 1 seule vitesse idéale, freinage fonctionnel, sonnette, dynamo, béquille, selle confortable à ressorts.', 3, 0, NULL, NULL, '2000-01-01', 1, 0, NULL, NULL, NULL, 0, 0, 0),
(52, 753, 'Cyclowatt', 'Grandville', 33, 11, 'Ma fidèle monture', 'Ce VAE d\'une autonomie d\'env 60km vous permettra de découvrir facilement Paris et ses alentours. Mon VAE est en état neuf, je viens de le changer, je peux vous fournir un panier et ou une sacoche. Ainsi qu\'un support pour smartphone.', 2, 1, '2017-002671', 'Cyclowatt', '2017-10-10', 2, 0, 167803300154, NULL, NULL, 0, 0, 0),
(53, 768, 'Fahrrad', 'TX-800', 15, 11, 'Vélo de voyage neuf', 'Un vélo de voyage paré à affronter les pistes en terre et bitume de tous les continents. La marque allemande VSF Fahrradmanufaktur a démontré tout son savoir-faire en matière de conception de cadres de vélo de trekking ou de voyage. Le choix l\'acier est très pertinent: il est à la fois solide et élastique. Équipé de sacoches.', 2, 1, '4006966', 'Cyclable', '2017-02-25', 1, 0, NULL, NULL, NULL, 0, 0, 0),
(54, 748, 'Décathlon ', 'B\'twin7', 15, 8, 'HTC avec lumière jour et nuit ', 'Le vélo model b\'twin7 de Décathlon en parfaite éta de marche.\nÉquiper de panier. Porte bagages. Porte smartphone,Gps. Phare .stop. Le velo et en parfaite éta de marche et bien équipé.', 2, 0, '423652', NULL, '2015-12-15', 2, 0, NULL, NULL, NULL, 0, 0, 0),
(55, 762, 'Btwin', 'Riverside 500', 15, 11, 'Un VTC tout beau tout neuf !', 'C\'est un VTC taille L (je fais 1m77 pour comparaison). Léger et facile d\'utilisation. Je peux y mettre mon porte-bagage si besoin. Tout beau tout neuf !', 2, 1, NULL, NULL, NULL, 2, 0, NULL, NULL, NULL, 0, 0, 0),
(56, 805, 'Optimalp', NULL, 16, 3, 'Location VTT pneus neufs  VTC ', 'Etat général : occasion\n Etat occasion', 4, 0, NULL, NULL, NULL, 1, 0, NULL, NULL, NULL, 0, 0, 0),
(57, 783, 'Rockrider', '8.1', 27, 8, 'Un Bike solide et passe partout', 'Rockrider 8.1 qui fut mon premier bon vélo. Il est équipé en Shimano, fourche RockShock. C\'est un vélo équilibré et maniable. VTT en bon été général, entretenu régulièrement. Il convient aussi bien au VTT qu\'à une du vélo plus familiale sur la Viarhona par exemple. ', 3, 0, NULL, NULL, NULL, 1, 0, NULL, NULL, NULL, 0, 0, 0),
(58, 821, 'Lejeune', 'Tandem', 28, 6, 'Tandem Lejeune à tout faire', 'Tandem sympa look vintage mais équipé fonctionnel pour le voyage et la vie de tous les jours, très pratique pour aller chercher quelqu\'un ! Porte bagage avant large et porte bagage arrière\nÉclairage LED moyeu dynamo et sortie USB pour recharger votre smartphone pendant la virée\nFreins hydrauliques Magura puissants et fiables\n2x7 vitesses dont une spéciale pour les montées impossibles :)', 3, 0, NULL, NULL, NULL, 1, 0, NULL, NULL, NULL, 0, 0, 0),
(59, 836, 'B\'Twin', 'Rock Rider 9.1 (2008)', 27, 3, 'Très bon VTT tout suspendu', 'Le vélo est en partait état de fonctionnement\n Caractéristiques techniques : http://www.velovert.com/gammes2008/B\'twin/5372/Rockrider-9.1-Alu', 2, 0, NULL, 'Decathlon', '2008-01-01', 1, 0, NULL, NULL, NULL, 0, 0, 0),
(61, 866, 'HIRONDELLE', NULL, 23, 6, 'VELO DE ROUTE ET COURSE VINTAGE ', 'Vélo adulte vintage bleu de route et course fabriqué par Manufrance.\nTrès Bon état général.\nPompe, support gourde,sonnette,vitesse,frein,. Vélo adulte vintage bleu de route et course fabriqué par Manufrance.\nTrès Bon état général.\nPompe, support gourde,sonnette,vitesse,frein avant et arrière,...\n', 3, 0, NULL, NULL, NULL, 1, 0, NULL, NULL, NULL, 0, 0, 0),
(62, 1, NULL, NULL, NULL, NULL, NULL, NULL, NULL, 0, NULL, NULL, NULL, 0, 0, NULL, NULL, NULL, 0, 0, 0);

-- --------------------------------------------------------

--
-- Table structure for table `velo_equipement`
--
-- Creation: Jun 06, 2018 at 08:58 AM
--

DROP TABLE IF EXISTS `velo_equipement`;
CREATE TABLE `velo_equipement` (
  `velo_id` int(11) NOT NULL,
  `equipement_id` int(11) NOT NULL
) ENGINE=InnoDB DEFAULT CHARSET=utf8 COLLATE=utf8_unicode_ci;

--
-- Indexes for dumped tables
--

--
-- Indexes for table `couleur`
--
ALTER TABLE `couleur`
  ADD PRIMARY KEY (`id`);

--
-- Indexes for table `disponibilite`
--
ALTER TABLE `disponibilite`
  ADD PRIMARY KEY (`id`),
  ADD KEY `IDX_2CBACE2FEC6AC5BD` (`velo_id`);

--
-- Indexes for table `equipement`
--
ALTER TABLE `equipement`
  ADD PRIMARY KEY (`id`);

--
-- Indexes for table `etat_velo`
--
ALTER TABLE `etat_velo`
  ADD PRIMARY KEY (`id`);

--
-- Indexes for table `genre`
--
ALTER TABLE `genre`
  ADD PRIMARY KEY (`id`);

--
-- Indexes for table `loc_tel`
--
ALTER TABLE `loc_tel`
  ADD PRIMARY KEY (`id`),
  ADD UNIQUE KEY `UNIQ_6A522414A6E44244` (`pays_id`);

--
-- Indexes for table `membre`
--
ALTER TABLE `membre`
  ADD PRIMARY KEY (`id`),
  ADD KEY `IDX_F6B4FB2946286348` (`indic_tel_id`),
  ADD KEY `IDX_F6B4FB294296D31F` (`genre_id`),
  ADD KEY `IDX_F6B4FB29A6E44244` (`pays_id`);

--
-- Indexes for table `pays`
--
ALTER TABLE `pays`
  ADD PRIMARY KEY (`id`);

--
-- Indexes for table `photo_velo`
--
ALTER TABLE `photo_velo`
  ADD PRIMARY KEY (`id`),
  ADD KEY `IDX_B478C301EC6AC5BD` (`velo_id`);

--
-- Indexes for table `reservation`
--
ALTER TABLE `reservation`
  ADD PRIMARY KEY (`id`),
  ADD KEY `IDX_42C84955EC6AC5BD` (`velo_id`);

--
-- Indexes for table `type_velo`
--
ALTER TABLE `type_velo`
  ADD PRIMARY KEY (`id`);

--
-- Indexes for table `velo`
--
ALTER TABLE `velo`
  ADD PRIMARY KEY (`id`),
  ADD KEY `IDX_354971F56B82600` (`proprio_id`),
  ADD KEY `IDX_354971F5C44BAA48` (`type_velo_id`),
  ADD KEY `IDX_354971F5C31BA576` (`couleur_id`),
  ADD KEY `IDX_354971F5EBB5FA38` (`etat_velo_id`);

--
-- Indexes for table `velo_equipement`
--
ALTER TABLE `velo_equipement`
  ADD PRIMARY KEY (`velo_id`,`equipement_id`),
  ADD KEY `IDX_85FCFB46EC6AC5BD` (`velo_id`),
  ADD KEY `IDX_85FCFB46806F0F5C` (`equipement_id`);

--
-- AUTO_INCREMENT for dumped tables
--

--
-- AUTO_INCREMENT for table `couleur`
--
ALTER TABLE `couleur`
  MODIFY `id` int(11) NOT NULL AUTO_INCREMENT, AUTO_INCREMENT=12;

--
-- AUTO_INCREMENT for table `disponibilite`
--
ALTER TABLE `disponibilite`
  MODIFY `id` int(11) NOT NULL AUTO_INCREMENT;

--
-- AUTO_INCREMENT for table `equipement`
--
ALTER TABLE `equipement`
  MODIFY `id` int(11) NOT NULL AUTO_INCREMENT, AUTO_INCREMENT=15;

--
-- AUTO_INCREMENT for table `etat_velo`
--
ALTER TABLE `etat_velo`
  MODIFY `id` int(11) NOT NULL AUTO_INCREMENT, AUTO_INCREMENT=6;

--
-- AUTO_INCREMENT for table `genre`
--
ALTER TABLE `genre`
  MODIFY `id` int(11) NOT NULL AUTO_INCREMENT, AUTO_INCREMENT=4;

--
-- AUTO_INCREMENT for table `loc_tel`
--
ALTER TABLE `loc_tel`
  MODIFY `id` int(11) NOT NULL AUTO_INCREMENT, AUTO_INCREMENT=8;

--
-- AUTO_INCREMENT for table `membre`
--
ALTER TABLE `membre`
  MODIFY `id` int(11) NOT NULL AUTO_INCREMENT, AUTO_INCREMENT=876;

--
-- AUTO_INCREMENT for table `pays`
--
ALTER TABLE `pays`
  MODIFY `id` int(11) NOT NULL AUTO_INCREMENT, AUTO_INCREMENT=242;

--
-- AUTO_INCREMENT for table `photo_velo`
--
ALTER TABLE `photo_velo`
  MODIFY `id` int(11) NOT NULL AUTO_INCREMENT, AUTO_INCREMENT=81;

--
-- AUTO_INCREMENT for table `reservation`
--
ALTER TABLE `reservation`
  MODIFY `id` int(11) NOT NULL AUTO_INCREMENT;

--
-- AUTO_INCREMENT for table `type_velo`
--
ALTER TABLE `type_velo`
  MODIFY `id` int(11) NOT NULL AUTO_INCREMENT, AUTO_INCREMENT=39;

--
-- AUTO_INCREMENT for table `velo`
--
ALTER TABLE `velo`
  MODIFY `id` int(11) NOT NULL AUTO_INCREMENT, AUTO_INCREMENT=63;

--
-- Constraints for dumped tables
--

--
-- Constraints for table `disponibilite`
--
ALTER TABLE `disponibilite`
  ADD CONSTRAINT `FK_2CBACE2FEC6AC5BD` FOREIGN KEY (`velo_id`) REFERENCES `velo` (`id`);

--
-- Constraints for table `loc_tel`
--
ALTER TABLE `loc_tel`
  ADD CONSTRAINT `FK_6A522414A6E44244` FOREIGN KEY (`pays_id`) REFERENCES `pays` (`id`);

--
-- Constraints for table `membre`
--
ALTER TABLE `membre`
  ADD CONSTRAINT `FK_F6B4FB294296D31F` FOREIGN KEY (`genre_id`) REFERENCES `genre` (`id`),
  ADD CONSTRAINT `FK_F6B4FB2946286348` FOREIGN KEY (`indic_tel_id`) REFERENCES `loc_tel` (`id`),
  ADD CONSTRAINT `FK_F6B4FB29A6E44244` FOREIGN KEY (`pays_id`) REFERENCES `pays` (`id`);

--
-- Constraints for table `photo_velo`
--
ALTER TABLE `photo_velo`
  ADD CONSTRAINT `FK_B478C301EC6AC5BD` FOREIGN KEY (`velo_id`) REFERENCES `velo` (`id`);

--
-- Constraints for table `reservation`
--
ALTER TABLE `reservation`
  ADD CONSTRAINT `FK_42C84955EC6AC5BD` FOREIGN KEY (`velo_id`) REFERENCES `velo` (`id`);

--
-- Constraints for table `velo`
--
ALTER TABLE `velo`
  ADD CONSTRAINT `FK_354971F56B82600` FOREIGN KEY (`proprio_id`) REFERENCES `membre` (`id`),
  ADD CONSTRAINT `FK_354971F5C31BA576` FOREIGN KEY (`couleur_id`) REFERENCES `couleur` (`id`),
  ADD CONSTRAINT `FK_354971F5C44BAA48` FOREIGN KEY (`type_velo_id`) REFERENCES `type_velo` (`id`),
  ADD CONSTRAINT `FK_354971F5EBB5FA38` FOREIGN KEY (`etat_velo_id`) REFERENCES `etat_velo` (`id`);

--
-- Constraints for table `velo_equipement`
--
ALTER TABLE `velo_equipement`
  ADD CONSTRAINT `FK_85FCFB46806F0F5C` FOREIGN KEY (`equipement_id`) REFERENCES `equipement` (`id`) ON DELETE CASCADE,
  ADD CONSTRAINT `FK_85FCFB46EC6AC5BD` FOREIGN KEY (`velo_id`) REFERENCES `velo` (`id`) ON DELETE CASCADE;
COMMIT;

/*!40101 SET CHARACTER_SET_CLIENT=@OLD_CHARACTER_SET_CLIENT */;
/*!40101 SET CHARACTER_SET_RESULTS=@OLD_CHARACTER_SET_RESULTS */;
/*!40101 SET COLLATION_CONNECTION=@OLD_COLLATION_CONNECTION */;
